completeness;brutus_action;brutus_location;world_nr;tick_nr
0.0;;(24, 12);1;0
0.0;;(24, 12);1;1
0.0;;(24, 12);1;2
0.0;;(24, 12);1;3
0.0;;(24, 12);1;4
0.0;;(24, 12);1;5
0.0;;(24, 12);1;6
0.0;;(24, 12);1;7
0.0;;(24, 12);1;8
0.0;;(24, 12);1;9
0.0;;(24, 12);1;10
0.0;;(24, 12);1;11
0.0;;(24, 12);1;12
0.0;;(24, 12);1;13
0.0;;(24, 12);1;14
0.0;;(24, 12);1;15
0.0;;(24, 12);1;16
0.0;;(24, 12);1;17
0.0;;(24, 12);1;18
0.0;;(24, 12);1;19
0.0;MoveNorth;(24, 11);1;20
0.0;MoveNorth;(24, 10);1;21
0.0;MoveNorth;(24, 9);1;22
0.0;MoveNorth;(24, 8);1;23
0.0;MoveNorth;(24, 7);1;24
0.0;MoveNorth;(24, 6);1;25
0.0;MoveNorthWest;(23, 5);1;26
0.0;MoveNorth;(23, 4);1;27
0.0;Idle;(23, 4);1;28
0.0;MoveNorth;(23, 3);1;29
0.0;MoveNorthWest;(22, 2);1;30
0.0;MoveNorth;(22, 1);1;31
0.0;MoveSouth;(22, 2);1;32
0.0;MoveNorthEast;(23, 1);1;33
0.0;AddObject;(23, 1);1;34
0.0;MoveSouth;(23, 2);1;35
0.0;AddObject;(23, 2);1;36
0.0;MoveNorthEast;(24, 1);1;37
0.0;MoveSouth;(24, 2);1;38
0.0;Idle;(24, 2);1;39
0.0;;(24, 2);1;40
0.0;;(24, 2);1;41
0.0;;(24, 2);1;42
0.0;;(24, 2);1;43
0.0;;(24, 2);1;44
0.0;;(24, 2);1;45
0.0;;(24, 2);1;46
0.0;;(24, 2);1;47
0.0;;(24, 2);1;48
0.0;;(24, 2);1;49
0.0;;(24, 2);1;50
0.0;;(24, 2);1;51
0.0;;(24, 2);1;52
0.0;;(24, 2);1;53
0.0;;(24, 2);1;54
0.0;;(24, 2);1;55
0.0;;(24, 2);1;56
0.0;;(24, 2);1;57
0.0;;(24, 2);1;58
0.0;;(24, 2);1;59
0.0;;(24, 2);1;60
0.0;;(24, 2);1;61
0.0;;(24, 2);1;62
0.0;;(24, 2);1;63
0.0;;(24, 2);1;64
0.0;;(24, 2);1;65
0.0;;(24, 2);1;66
0.0;;(24, 2);1;67
0.0;;(24, 2);1;68
0.0;;(24, 2);1;69
0.0;;(24, 2);1;70
0.0;;(24, 2);1;71
0.0;;(24, 2);1;72
0.0;;(24, 2);1;73
0.0;;(24, 2);1;74
0.0;;(24, 2);1;75
0.0;;(24, 2);1;76
0.0;;(24, 2);1;77
0.0;;(24, 2);1;78
0.0;;(24, 2);1;79
0.0;;(24, 2);1;80
0.0;;(24, 2);1;81
0.0;;(24, 2);1;82
0.0;;(24, 2);1;83
0.0;;(24, 2);1;84
0.0;;(24, 2);1;85
0.0;;(24, 2);1;86
0.0;;(24, 2);1;87
0.0;;(24, 2);1;88
0.0;;(24, 2);1;89
0.0;;(24, 2);1;90
0.0;;(24, 2);1;91
0.0;;(24, 2);1;92
0.0;;(24, 2);1;93
0.0;;(24, 2);1;94
0.0;;(24, 2);1;95
0.0;;(24, 2);1;96
0.0;;(24, 2);1;97
0.0;;(24, 2);1;98
0.0;;(24, 2);1;99
0.0;;(24, 2);1;100
0.0;;(24, 2);1;101
0.0;;(24, 2);1;102
0.0;;(24, 2);1;103
0.0;;(24, 2);1;104
0.0;;(24, 2);1;105
0.0;;(24, 2);1;106
0.0;;(24, 2);1;107
0.0;;(24, 2);1;108
0.0;;(24, 2);1;109
0.0;;(24, 2);1;110
0.0;;(24, 2);1;111
0.0;;(24, 2);1;112
0.0;;(24, 2);1;113
0.0;;(24, 2);1;114
0.0;;(24, 2);1;115
0.0;;(24, 2);1;116
0.0;;(24, 2);1;117
0.0;;(24, 2);1;118
0.0;;(24, 2);1;119
0.0;;(24, 2);1;120
0.0;;(24, 2);1;121
0.0;;(24, 2);1;122
0.0;;(24, 2);1;123
0.0;;(24, 2);1;124
0.0;;(24, 2);1;125
0.0;;(24, 2);1;126
0.0;;(24, 2);1;127
0.0;;(24, 2);1;128
0.0;;(24, 2);1;129
0.0;Idle;(24, 2);1;130
0.0;Idle;(24, 2);1;131
0.0;MoveNorth;(24, 1);1;132
0.0;RemoveObject;(24, 1);1;133
0.0;CarryObject;(24, 1);1;134
0.0;MoveSouth;(24, 2);1;135
0.0;MoveSouthWest;(23, 3);1;136
0.0;MoveSouth;(23, 4);1;137
0.0;MoveSouth;(23, 5);1;138
0.0;MoveSouth;(23, 6);1;139
0.0;MoveSouth;(23, 7);1;140
0.0;MoveSouth;(23, 8);1;141
0.0;MoveSouth;(23, 9);1;142
0.0;MoveSouth;(23, 10);1;143
0.0;MoveSouth;(23, 11);1;144
0.0;MoveSouth;(23, 12);1;145
0.0;MoveSouthEast;(24, 13);1;146
0.0;MoveSouth;(24, 14);1;147
0.0;MoveSouth;(24, 15);1;148
0.0;MoveSouthEast;(25, 16);1;149
0.09090909090909091;Drop;(25, 16);1;150
0.09090909090909091;MoveSouthWest;(24, 17);1;151
0.09090909090909091;MoveSouth;(24, 18);1;152
0.09090909090909091;MoveSouthWest;(23, 19);1;153
0.09090909090909091;MoveSouth;(23, 20);1;154
0.09090909090909091;Idle;(23, 20);1;155
0.09090909090909091;MoveSouth;(23, 21);1;156
0.09090909090909091;MoveSouthWest;(22, 22);1;157
0.09090909090909091;MoveSouth;(22, 23);1;158
0.09090909090909091;MoveNorthEast;(23, 22);1;159
0.09090909090909091;MoveSouth;(23, 23);1;160
0.09090909090909091;MoveNorthEast;(24, 22);1;161
0.09090909090909091;MoveSouth;(24, 23);1;162
0.09090909090909091;Idle;(24, 23);1;163
0.09090909090909091;MoveNorthWest;(23, 22);1;164
0.09090909090909091;MoveNorth;(23, 21);1;165
0.09090909090909091;MoveNorthWest;(22, 20);1;166
0.09090909090909091;MoveWest;(21, 20);1;167
0.09090909090909091;MoveWest;(20, 20);1;168
0.09090909090909091;MoveWest;(19, 20);1;169
0.09090909090909091;MoveWest;(18, 20);1;170
0.09090909090909091;MoveWest;(17, 20);1;171
0.09090909090909091;MoveWest;(16, 20);1;172
0.09090909090909091;Idle;(16, 20);1;173
0.09090909090909091;MoveSouth;(16, 21);1;174
0.09090909090909091;MoveSouthWest;(15, 22);1;175
0.09090909090909091;MoveSouth;(15, 23);1;176
0.09090909090909091;MoveNorthEast;(16, 22);1;177
0.09090909090909091;AddObject;(16, 22);1;178
0.09090909090909091;MoveSouth;(16, 23);1;179
0.09090909090909091;AddObject;(16, 23);1;180
0.09090909090909091;MoveNorthEast;(17, 22);1;181
0.09090909090909091;MoveSouth;(17, 23);1;182
0.09090909090909091;Idle;(17, 23);1;183
0.09090909090909091;;(17, 23);1;184
0.09090909090909091;;(17, 23);1;185
0.09090909090909091;;(17, 23);1;186
0.09090909090909091;;(17, 23);1;187
0.09090909090909091;;(17, 23);1;188
0.09090909090909091;;(17, 23);1;189
0.09090909090909091;;(17, 23);1;190
0.09090909090909091;;(17, 23);1;191
0.09090909090909091;;(17, 23);1;192
0.09090909090909091;;(17, 23);1;193
0.09090909090909091;;(17, 23);1;194
0.09090909090909091;;(17, 23);1;195
0.09090909090909091;;(17, 23);1;196
0.09090909090909091;;(17, 23);1;197
0.09090909090909091;;(17, 23);1;198
0.09090909090909091;;(17, 23);1;199
0.09090909090909091;;(17, 23);1;200
0.09090909090909091;;(17, 23);1;201
0.09090909090909091;;(17, 23);1;202
0.09090909090909091;;(17, 23);1;203
0.09090909090909091;;(17, 23);1;204
0.09090909090909091;;(17, 23);1;205
0.09090909090909091;;(17, 23);1;206
0.09090909090909091;;(17, 23);1;207
0.09090909090909091;;(17, 23);1;208
0.09090909090909091;;(17, 23);1;209
0.09090909090909091;;(17, 23);1;210
0.09090909090909091;;(17, 23);1;211
0.09090909090909091;;(17, 23);1;212
0.09090909090909091;;(17, 23);1;213
0.09090909090909091;;(17, 23);1;214
0.09090909090909091;;(17, 23);1;215
0.09090909090909091;;(17, 23);1;216
0.09090909090909091;;(17, 23);1;217
0.09090909090909091;;(17, 23);1;218
0.09090909090909091;;(17, 23);1;219
0.09090909090909091;;(17, 23);1;220
0.09090909090909091;;(17, 23);1;221
0.09090909090909091;;(17, 23);1;222
0.09090909090909091;;(17, 23);1;223
0.09090909090909091;;(17, 23);1;224
0.09090909090909091;;(17, 23);1;225
0.09090909090909091;;(17, 23);1;226
0.09090909090909091;;(17, 23);1;227
0.09090909090909091;;(17, 23);1;228
0.09090909090909091;;(17, 23);1;229
0.09090909090909091;;(17, 23);1;230
0.09090909090909091;;(17, 23);1;231
0.09090909090909091;;(17, 23);1;232
0.09090909090909091;RemoveObject;(17, 23);1;233
0.09090909090909091;;(17, 23);1;234
0.09090909090909091;;(17, 23);1;235
0.09090909090909091;;(17, 23);1;236
0.09090909090909091;;(17, 23);1;237
0.09090909090909091;;(17, 23);1;238
0.09090909090909091;;(17, 23);1;239
0.09090909090909091;;(17, 23);1;240
0.09090909090909091;;(17, 23);1;241
0.09090909090909091;;(17, 23);1;242
0.09090909090909091;RemoveObject;(17, 23);1;243
0.09090909090909091;Idle;(17, 23);1;244
0.09090909090909091;Idle;(17, 23);1;245
0.09090909090909091;RemoveObject;(17, 23);1;246
0.09090909090909091;CarryObject;(17, 23);1;247
0.09090909090909091;MoveNorth;(17, 22);1;248
0.09090909090909091;MoveNorthWest;(16, 21);1;249
0.09090909090909091;;(16, 21);1;250
0.09090909090909091;;(16, 21);1;251
0.09090909090909091;;(16, 21);1;252
0.09090909090909091;;(16, 21);1;253
0.09090909090909091;;(16, 21);1;254
0.09090909090909091;;(16, 21);1;255
0.09090909090909091;;(16, 21);1;256
0.09090909090909091;;(16, 21);1;257
0.09090909090909091;;(16, 21);1;258
0.09090909090909091;;(16, 21);1;259
0.09090909090909091;;(16, 21);1;260
0.09090909090909091;;(16, 21);1;261
0.09090909090909091;;(16, 21);1;262
0.09090909090909091;;(16, 21);1;263
0.09090909090909091;;(16, 21);1;264
0.09090909090909091;;(16, 21);1;265
0.09090909090909091;;(16, 21);1;266
0.09090909090909091;;(16, 21);1;267
0.09090909090909091;;(16, 21);1;268
0.09090909090909091;;(16, 21);1;269
0.09090909090909091;;(16, 21);1;270
0.09090909090909091;;(16, 21);1;271
0.09090909090909091;;(16, 21);1;272
0.09090909090909091;;(16, 21);1;273
0.09090909090909091;;(16, 21);1;274
0.09090909090909091;;(16, 21);1;275
0.09090909090909091;;(16, 21);1;276
0.09090909090909091;;(16, 21);1;277
0.09090909090909091;;(16, 21);1;278
0.09090909090909091;RemoveObject;(16, 21);1;279
0.09090909090909091;Idle;(16, 21);1;280
0.09090909090909091;MoveNorthEast;(17, 20);1;281
0.09090909090909091;MoveEast;(18, 20);1;282
0.09090909090909091;MoveEast;(19, 20);1;283
0.09090909090909091;MoveNorthEast;(20, 19);1;284
0.09090909090909091;MoveEast;(21, 19);1;285
0.09090909090909091;MoveNorthEast;(22, 18);1;286
0.09090909090909091;MoveEast;(23, 18);1;287
0.09090909090909091;MoveNorthEast;(24, 17);1;288
0.09090909090909091;MoveEast;(25, 17);1;289
0.18181818181818182;Drop;(25, 17);1;290
0.18181818181818182;MoveWest;(24, 17);1;291
0.18181818181818182;MoveWest;(23, 17);1;292
0.18181818181818182;MoveWest;(22, 17);1;293
0.18181818181818182;MoveWest;(21, 17);1;294
0.18181818181818182;MoveWest;(20, 17);1;295
0.18181818181818182;MoveWest;(19, 17);1;296
0.18181818181818182;MoveSouthWest;(18, 18);1;297
0.18181818181818182;MoveWest;(17, 18);1;298
0.18181818181818182;MoveWest;(16, 18);1;299
0.18181818181818182;Idle;(16, 18);1;300
0.18181818181818182;MoveNorth;(16, 17);1;301
0.18181818181818182;MoveNorthWest;(15, 16);1;302
0.18181818181818182;MoveNorth;(15, 15);1;303
0.18181818181818182;MoveSouth;(15, 16);1;304
0.18181818181818182;MoveNorthEast;(16, 15);1;305
0.18181818181818182;MoveSouth;(16, 16);1;306
0.18181818181818182;MoveNorthEast;(17, 15);1;307
0.18181818181818182;MoveSouth;(17, 16);1;308
0.18181818181818182;Idle;(17, 16);1;309
0.18181818181818182;MoveSouthWest;(16, 17);1;310
0.18181818181818182;MoveSouthWest;(15, 18);1;311
0.18181818181818182;MoveWest;(14, 18);1;312
0.18181818181818182;MoveWest;(13, 18);1;313
0.18181818181818182;MoveWest;(12, 18);1;314
0.18181818181818182;MoveWest;(11, 18);1;315
0.18181818181818182;MoveWest;(10, 18);1;316
0.18181818181818182;MoveWest;(9, 18);1;317
0.18181818181818182;Idle;(9, 18);1;318
0.18181818181818182;MoveNorth;(9, 17);1;319
0.18181818181818182;MoveNorthWest;(8, 16);1;320
0.18181818181818182;MoveNorth;(8, 15);1;321
0.18181818181818182;AddObject;(8, 15);1;322
0.18181818181818182;MoveSouth;(8, 16);1;323
0.18181818181818182;MoveNorthEast;(9, 15);1;324
0.18181818181818182;AddObject;(9, 15);1;325
0.18181818181818182;MoveSouth;(9, 16);1;326
0.18181818181818182;AddObject;(9, 16);1;327
0.18181818181818182;MoveNorthEast;(10, 15);1;328
0.18181818181818182;MoveSouth;(10, 16);1;329
0.18181818181818182;Idle;(10, 16);1;330
0.18181818181818182;;(10, 16);1;331
0.18181818181818182;;(10, 16);1;332
0.18181818181818182;;(10, 16);1;333
0.18181818181818182;;(10, 16);1;334
0.18181818181818182;;(10, 16);1;335
0.18181818181818182;;(10, 16);1;336
0.18181818181818182;;(10, 16);1;337
0.18181818181818182;;(10, 16);1;338
0.18181818181818182;;(10, 16);1;339
0.18181818181818182;;(10, 16);1;340
0.18181818181818182;;(10, 16);1;341
0.18181818181818182;;(10, 16);1;342
0.18181818181818182;;(10, 16);1;343
0.18181818181818182;;(10, 16);1;344
0.18181818181818182;;(10, 16);1;345
0.18181818181818182;;(10, 16);1;346
0.18181818181818182;;(10, 16);1;347
0.18181818181818182;;(10, 16);1;348
0.18181818181818182;;(10, 16);1;349
0.18181818181818182;;(10, 16);1;350
0.18181818181818182;;(10, 16);1;351
0.18181818181818182;;(10, 16);1;352
0.18181818181818182;;(10, 16);1;353
0.18181818181818182;;(10, 16);1;354
0.18181818181818182;;(10, 16);1;355
0.18181818181818182;;(10, 16);1;356
0.18181818181818182;;(10, 16);1;357
0.18181818181818182;;(10, 16);1;358
0.18181818181818182;;(10, 16);1;359
0.18181818181818182;;(10, 16);1;360
0.18181818181818182;;(10, 16);1;361
0.18181818181818182;;(10, 16);1;362
0.18181818181818182;;(10, 16);1;363
0.18181818181818182;;(10, 16);1;364
0.18181818181818182;;(10, 16);1;365
0.18181818181818182;;(10, 16);1;366
0.18181818181818182;;(10, 16);1;367
0.18181818181818182;;(10, 16);1;368
0.18181818181818182;;(10, 16);1;369
0.18181818181818182;;(10, 16);1;370
0.18181818181818182;;(10, 16);1;371
0.18181818181818182;;(10, 16);1;372
0.18181818181818182;;(10, 16);1;373
0.18181818181818182;;(10, 16);1;374
0.18181818181818182;;(10, 16);1;375
0.18181818181818182;;(10, 16);1;376
0.18181818181818182;;(10, 16);1;377
0.18181818181818182;;(10, 16);1;378
0.18181818181818182;RemoveObject;(10, 16);1;379
0.18181818181818182;;(10, 16);1;380
0.18181818181818182;;(10, 16);1;381
0.18181818181818182;;(10, 16);1;382
0.18181818181818182;;(10, 16);1;383
0.18181818181818182;;(10, 16);1;384
0.18181818181818182;;(10, 16);1;385
0.18181818181818182;;(10, 16);1;386
0.18181818181818182;;(10, 16);1;387
0.18181818181818182;;(10, 16);1;388
0.18181818181818182;RemoveObject;(10, 16);1;389
0.18181818181818182;Idle;(10, 16);1;390
0.18181818181818182;Idle;(10, 16);1;391
0.18181818181818182;MoveNorth;(10, 15);1;392
0.18181818181818182;RemoveObject;(10, 15);1;393
0.18181818181818182;CarryObject;(10, 15);1;394
0.18181818181818182;MoveSouth;(10, 16);1;395
0.18181818181818182;MoveSouthWest;(9, 17);1;396
0.18181818181818182;;(9, 17);1;397
0.18181818181818182;;(9, 17);1;398
0.18181818181818182;;(9, 17);1;399
0.18181818181818182;;(9, 17);1;400
0.18181818181818182;;(9, 17);1;401
0.18181818181818182;;(9, 17);1;402
0.18181818181818182;;(9, 17);1;403
0.18181818181818182;;(9, 17);1;404
0.18181818181818182;;(9, 17);1;405
0.18181818181818182;;(9, 17);1;406
0.18181818181818182;;(9, 17);1;407
0.18181818181818182;;(9, 17);1;408
0.18181818181818182;;(9, 17);1;409
0.18181818181818182;;(9, 17);1;410
0.18181818181818182;;(9, 17);1;411
0.18181818181818182;;(9, 17);1;412
0.18181818181818182;;(9, 17);1;413
0.18181818181818182;;(9, 17);1;414
0.18181818181818182;;(9, 17);1;415
0.18181818181818182;;(9, 17);1;416
0.18181818181818182;;(9, 17);1;417
0.18181818181818182;;(9, 17);1;418
0.18181818181818182;;(9, 17);1;419
0.18181818181818182;;(9, 17);1;420
0.18181818181818182;;(9, 17);1;421
0.18181818181818182;;(9, 17);1;422
0.18181818181818182;;(9, 17);1;423
0.18181818181818182;;(9, 17);1;424
0.18181818181818182;;(9, 17);1;425
0.18181818181818182;;(9, 17);1;426
0.18181818181818182;RemoveObject;(9, 17);1;427
0.18181818181818182;Idle;(9, 17);1;428
0.18181818181818182;MoveSouthEast;(10, 18);1;429
0.18181818181818182;MoveEast;(11, 18);1;430
0.18181818181818182;MoveEast;(12, 18);1;431
0.18181818181818182;MoveEast;(13, 18);1;432
0.18181818181818182;MoveEast;(14, 18);1;433
0.18181818181818182;MoveEast;(15, 18);1;434
0.18181818181818182;MoveEast;(16, 18);1;435
0.18181818181818182;MoveEast;(17, 18);1;436
0.18181818181818182;MoveEast;(18, 18);1;437
0.18181818181818182;MoveNorthEast;(19, 17);1;438
0.18181818181818182;MoveNorthEast;(20, 16);1;439
0.18181818181818182;MoveNorthEast;(21, 15);1;440
0.18181818181818182;MoveNorthEast;(22, 14);1;441
0.18181818181818182;MoveEast;(23, 14);1;442
0.18181818181818182;MoveNorthEast;(24, 13);1;443
0.18181818181818182;MoveEast;(25, 13);1;444
0.2727272727272727;Drop;(25, 13);1;445
0.2727272727272727;Idle;(25, 13);1;446
0.2727272727272727;MoveWest;(24, 13);1;447
0.2727272727272727;MoveWest;(23, 13);1;448
0.2727272727272727;MoveSouthWest;(22, 14);1;449
0.2727272727272727;MoveSouthWest;(21, 15);1;450
0.2727272727272727;MoveSouthWest;(20, 16);1;451
0.2727272727272727;MoveSouthWest;(19, 17);1;452
0.2727272727272727;MoveSouthWest;(18, 18);1;453
0.2727272727272727;MoveWest;(17, 18);1;454
0.2727272727272727;MoveWest;(16, 18);1;455
0.2727272727272727;MoveWest;(15, 18);1;456
0.2727272727272727;MoveWest;(14, 18);1;457
0.2727272727272727;MoveWest;(13, 18);1;458
0.2727272727272727;MoveWest;(12, 18);1;459
0.2727272727272727;MoveWest;(11, 18);1;460
0.2727272727272727;MoveWest;(10, 18);1;461
0.2727272727272727;MoveNorthWest;(9, 17);1;462
0.2727272727272727;MoveNorth;(9, 16);1;463
0.2727272727272727;MoveNorth;(9, 15);1;464
0.2727272727272727;RemoveObject;(9, 15);1;465
0.2727272727272727;CarryObject;(9, 15);1;466
0.2727272727272727;MoveSouth;(9, 16);1;467
0.2727272727272727;MoveSouth;(9, 17);1;468
0.2727272727272727;MoveSouthEast;(10, 18);1;469
0.2727272727272727;Idle;(10, 18);1;470
0.2727272727272727;;(10, 18);1;471
0.2727272727272727;;(10, 18);1;472
0.2727272727272727;;(10, 18);1;473
0.2727272727272727;;(10, 18);1;474
0.2727272727272727;;(10, 18);1;475
0.2727272727272727;;(10, 18);1;476
0.2727272727272727;;(10, 18);1;477
0.2727272727272727;;(10, 18);1;478
0.2727272727272727;;(10, 18);1;479
0.2727272727272727;;(10, 18);1;480
0.2727272727272727;;(10, 18);1;481
0.2727272727272727;;(10, 18);1;482
0.2727272727272727;;(10, 18);1;483
0.2727272727272727;;(10, 18);1;484
0.2727272727272727;;(10, 18);1;485
0.2727272727272727;;(10, 18);1;486
0.2727272727272727;;(10, 18);1;487
0.2727272727272727;;(10, 18);1;488
0.2727272727272727;;(10, 18);1;489
0.2727272727272727;;(10, 18);1;490
0.2727272727272727;;(10, 18);1;491
0.2727272727272727;;(10, 18);1;492
0.2727272727272727;;(10, 18);1;493
0.2727272727272727;;(10, 18);1;494
0.2727272727272727;;(10, 18);1;495
0.2727272727272727;;(10, 18);1;496
0.2727272727272727;;(10, 18);1;497
0.2727272727272727;;(10, 18);1;498
0.2727272727272727;;(10, 18);1;499
0.2727272727272727;;(10, 18);1;500
0.2727272727272727;;(10, 18);1;501
0.2727272727272727;;(10, 18);1;502
0.2727272727272727;;(10, 18);1;503
0.2727272727272727;;(10, 18);1;504
0.2727272727272727;;(10, 18);1;505
0.2727272727272727;;(10, 18);1;506
0.2727272727272727;;(10, 18);1;507
0.2727272727272727;;(10, 18);1;508
0.2727272727272727;;(10, 18);1;509
0.2727272727272727;;(10, 18);1;510
0.2727272727272727;;(10, 18);1;511
0.2727272727272727;;(10, 18);1;512
0.2727272727272727;;(10, 18);1;513
0.2727272727272727;;(10, 18);1;514
0.2727272727272727;;(10, 18);1;515
0.2727272727272727;;(10, 18);1;516
0.2727272727272727;;(10, 18);1;517
0.2727272727272727;;(10, 18);1;518
0.2727272727272727;;(10, 18);1;519
0.2727272727272727;;(10, 18);1;520
0.2727272727272727;;(10, 18);1;521
0.2727272727272727;;(10, 18);1;522
0.2727272727272727;;(10, 18);1;523
0.2727272727272727;;(10, 18);1;524
0.2727272727272727;;(10, 18);1;525
0.2727272727272727;;(10, 18);1;526
0.2727272727272727;;(10, 18);1;527
0.2727272727272727;;(10, 18);1;528
0.2727272727272727;;(10, 18);1;529
0.2727272727272727;;(10, 18);1;530
0.2727272727272727;;(10, 18);1;531
0.2727272727272727;;(10, 18);1;532
0.2727272727272727;;(10, 18);1;533
0.2727272727272727;;(10, 18);1;534
0.2727272727272727;;(10, 18);1;535
0.2727272727272727;;(10, 18);1;536
0.2727272727272727;MoveEast;(11, 18);1;537
0.2727272727272727;MoveEast;(12, 18);1;538
0.2727272727272727;MoveEast;(13, 18);1;539
0.2727272727272727;MoveEast;(14, 18);1;540
0.2727272727272727;MoveEast;(15, 18);1;541
0.2727272727272727;MoveEast;(16, 18);1;542
0.2727272727272727;MoveEast;(17, 18);1;543
0.2727272727272727;MoveEast;(18, 18);1;544
0.2727272727272727;MoveNorthEast;(19, 17);1;545
0.2727272727272727;MoveNorthEast;(20, 16);1;546
0.2727272727272727;MoveEast;(21, 16);1;547
0.2727272727272727;MoveNorthEast;(22, 15);1;548
0.2727272727272727;MoveEast;(23, 15);1;549
0.2727272727272727;MoveNorthEast;(24, 14);1;550
0.2727272727272727;MoveEast;(25, 14);1;551
0.36363636363636365;Drop;(25, 14);1;552
0.36363636363636365;Idle;(25, 14);1;553
0.36363636363636365;MoveNorth;(25, 13);1;554
0.36363636363636365;MoveNorth;(25, 12);1;555
0.36363636363636365;MoveNorth;(25, 11);1;556
0.36363636363636365;MoveNorth;(25, 10);1;557
0.36363636363636365;MoveNorth;(25, 9);1;558
0.36363636363636365;MoveNorth;(25, 8);1;559
0.36363636363636365;MoveNorthWest;(24, 7);1;560
0.36363636363636365;MoveNorth;(24, 6);1;561
0.36363636363636365;MoveNorthWest;(23, 5);1;562
0.36363636363636365;MoveNorth;(23, 4);1;563
0.36363636363636365;Idle;(23, 4);1;564
0.36363636363636365;MoveNorth;(23, 3);1;565
0.36363636363636365;;(23, 3);1;566
0.36363636363636365;;(23, 3);1;567
0.36363636363636365;;(23, 3);1;568
0.36363636363636365;;(23, 3);1;569
0.36363636363636365;;(23, 3);1;570
0.36363636363636365;;(23, 3);1;571
0.36363636363636365;;(23, 3);1;572
0.36363636363636365;;(23, 3);1;573
0.36363636363636365;;(23, 3);1;574
0.36363636363636365;;(23, 3);1;575
0.36363636363636365;;(23, 3);1;576
0.36363636363636365;;(23, 3);1;577
0.36363636363636365;;(23, 3);1;578
0.36363636363636365;;(23, 3);1;579
0.36363636363636365;;(23, 3);1;580
0.36363636363636365;;(23, 3);1;581
0.36363636363636365;;(23, 3);1;582
0.36363636363636365;;(23, 3);1;583
0.36363636363636365;;(23, 3);1;584
0.36363636363636365;RemoveObject;(23, 3);1;585
0.36363636363636365;MoveSouthWest;(22, 4);1;586
0.36363636363636365;MoveWest;(21, 4);1;587
0.36363636363636365;MoveWest;(20, 4);1;588
0.36363636363636365;MoveWest;(19, 4);1;589
0.36363636363636365;MoveWest;(18, 4);1;590
0.36363636363636365;MoveWest;(17, 4);1;591
0.36363636363636365;MoveWest;(16, 4);1;592
0.36363636363636365;Idle;(16, 4);1;593
0.36363636363636365;MoveNorth;(16, 3);1;594
0.36363636363636365;Idle;(16, 3);1;595
0.36363636363636365;MoveSouth;(16, 4);1;596
0.36363636363636365;MoveSouth;(16, 5);1;597
0.36363636363636365;MoveSouth;(16, 6);1;598
0.36363636363636365;Idle;(16, 6);1;599
0.36363636363636365;MoveSouth;(16, 7);1;600
0.36363636363636365;AddObject;(16, 7);1;601
0.36363636363636365;RemoveObject;(16, 7);1;602
0.36363636363636365;;(16, 7);1;603
0.36363636363636365;;(16, 7);1;604
0.36363636363636365;;(16, 7);1;605
0.36363636363636365;;(16, 7);1;606
0.36363636363636365;;(16, 7);1;607
0.36363636363636365;;(16, 7);1;608
0.36363636363636365;;(16, 7);1;609
0.36363636363636365;;(16, 7);1;610
0.36363636363636365;;(16, 7);1;611
0.36363636363636365;;(16, 7);1;612
0.36363636363636365;;(16, 7);1;613
0.36363636363636365;;(16, 7);1;614
0.36363636363636365;;(16, 7);1;615
0.36363636363636365;;(16, 7);1;616
0.36363636363636365;;(16, 7);1;617
0.36363636363636365;;(16, 7);1;618
0.36363636363636365;;(16, 7);1;619
0.36363636363636365;;(16, 7);1;620
0.36363636363636365;RemoveObject;(16, 7);1;621
0.36363636363636365;MoveNorthWest;(15, 6);1;622
0.36363636363636365;MoveWest;(14, 6);1;623
0.36363636363636365;MoveWest;(13, 6);1;624
0.36363636363636365;MoveWest;(12, 6);1;625
0.36363636363636365;MoveWest;(11, 6);1;626
0.36363636363636365;MoveWest;(10, 6);1;627
0.36363636363636365;MoveWest;(9, 6);1;628
0.36363636363636365;Idle;(9, 6);1;629
0.36363636363636365;MoveSouth;(9, 7);1;630
0.36363636363636365;AddObject;(9, 7);1;631
0.36363636363636365;RemoveObject;(9, 7);1;632
0.36363636363636365;;(9, 7);1;633
0.36363636363636365;;(9, 7);1;634
0.36363636363636365;;(9, 7);1;635
0.36363636363636365;;(9, 7);1;636
0.36363636363636365;;(9, 7);1;637
0.36363636363636365;;(9, 7);1;638
0.36363636363636365;;(9, 7);1;639
0.36363636363636365;;(9, 7);1;640
0.36363636363636365;;(9, 7);1;641
0.36363636363636365;;(9, 7);1;642
0.36363636363636365;;(9, 7);1;643
0.36363636363636365;;(9, 7);1;644
0.36363636363636365;;(9, 7);1;645
0.36363636363636365;;(9, 7);1;646
0.36363636363636365;;(9, 7);1;647
0.36363636363636365;;(9, 7);1;648
0.36363636363636365;;(9, 7);1;649
0.36363636363636365;;(9, 7);1;650
0.36363636363636365;RemoveObject;(9, 7);1;651
0.36363636363636365;MoveNorth;(9, 6);1;652
0.36363636363636365;MoveNorth;(9, 5);1;653
0.36363636363636365;MoveNorth;(9, 4);1;654
0.36363636363636365;Idle;(9, 4);1;655
0.36363636363636365;MoveNorth;(9, 3);1;656
0.36363636363636365;Idle;(9, 3);1;657
0.36363636363636365;MoveSouthWest;(8, 4);1;658
0.36363636363636365;MoveWest;(7, 4);1;659
0.36363636363636365;MoveWest;(6, 4);1;660
0.36363636363636365;MoveWest;(5, 4);1;661
0.36363636363636365;MoveWest;(4, 4);1;662
0.36363636363636365;MoveWest;(3, 4);1;663
0.36363636363636365;MoveWest;(2, 4);1;664
0.36363636363636365;Idle;(2, 4);1;665
0.36363636363636365;MoveNorth;(2, 3);1;666
0.36363636363636365;Idle;(2, 3);1;667
0.36363636363636365;MoveSouth;(2, 4);1;668
0.36363636363636365;MoveSouth;(2, 5);1;669
0.36363636363636365;MoveSouth;(2, 6);1;670
0.36363636363636365;Idle;(2, 6);1;671
0.36363636363636365;MoveSouth;(2, 7);1;672
0.36363636363636365;Idle;(2, 7);1;673
0.36363636363636365;MoveNorthEast;(3, 6);1;674
0.36363636363636365;MoveEast;(4, 6);1;675
0.36363636363636365;MoveSouthEast;(5, 7);1;676
0.36363636363636365;MoveSouth;(5, 8);1;677
0.36363636363636365;MoveSouth;(5, 9);1;678
0.36363636363636365;MoveSouth;(5, 10);1;679
0.36363636363636365;MoveSouth;(5, 11);1;680
0.36363636363636365;MoveSouth;(5, 12);1;681
0.36363636363636365;MoveSouth;(5, 13);1;682
0.36363636363636365;MoveSouth;(5, 14);1;683
0.36363636363636365;MoveSouth;(5, 15);1;684
0.36363636363636365;MoveSouth;(5, 16);1;685
0.36363636363636365;MoveSouth;(5, 17);1;686
0.36363636363636365;MoveSouthWest;(4, 18);1;687
0.36363636363636365;MoveWest;(3, 18);1;688
0.36363636363636365;MoveWest;(2, 18);1;689
0.36363636363636365;Idle;(2, 18);1;690
0.36363636363636365;MoveNorth;(2, 17);1;691
0.36363636363636365;Idle;(2, 17);1;692
0.36363636363636365;MoveSouth;(2, 18);1;693
0.36363636363636365;MoveSouth;(2, 19);1;694
0.36363636363636365;MoveSouth;(2, 20);1;695
0.36363636363636365;Idle;(2, 20);1;696
0.36363636363636365;MoveSouth;(2, 21);1;697
0.36363636363636365;Idle;(2, 21);1;698
0.36363636363636365;MoveNorthEast;(3, 20);1;699
0.36363636363636365;MoveEast;(4, 20);1;700
0.36363636363636365;MoveEast;(5, 20);1;701
0.36363636363636365;MoveEast;(6, 20);1;702
0.36363636363636365;MoveEast;(7, 20);1;703
0.36363636363636365;MoveEast;(8, 20);1;704
0.36363636363636365;MoveEast;(9, 20);1;705
0.36363636363636365;Idle;(9, 20);1;706
0.36363636363636365;MoveSouth;(9, 21);1;707
0.36363636363636365;AddObject;(9, 21);1;708
0.36363636363636365;RemoveObject;(9, 21);1;709
0.36363636363636365;;(9, 21);1;710
0.36363636363636365;;(9, 21);1;711
0.36363636363636365;;(9, 21);1;712
0.36363636363636365;;(9, 21);1;713
0.36363636363636365;;(9, 21);1;714
0.36363636363636365;;(9, 21);1;715
0.36363636363636365;;(9, 21);1;716
0.36363636363636365;;(9, 21);1;717
0.36363636363636365;;(9, 21);1;718
0.36363636363636365;;(9, 21);1;719
0.36363636363636365;;(9, 21);1;720
0.36363636363636365;;(9, 21);1;721
0.36363636363636365;;(9, 21);1;722
0.36363636363636365;;(9, 21);1;723
0.36363636363636365;;(9, 21);1;724
0.36363636363636365;;(9, 21);1;725
0.36363636363636365;;(9, 21);1;726
0.36363636363636365;;(9, 21);1;727
0.36363636363636365;;(9, 21);1;728
0.36363636363636365;RemoveObject;(9, 21);1;729
0.36363636363636365;MoveNorth;(9, 20);1;730
0.36363636363636365;Idle;(9, 20);1;731
0.36363636363636365;;(9, 20);1;732
0.36363636363636365;;(9, 20);1;733
0.36363636363636365;;(9, 20);1;734
0.36363636363636365;;(9, 20);1;735
0.36363636363636365;;(9, 20);1;736
0.36363636363636365;;(9, 20);1;737
0.36363636363636365;;(9, 20);1;738
0.36363636363636365;;(9, 20);1;739
0.36363636363636365;;(9, 20);1;740
0.36363636363636365;;(9, 20);1;741
0.36363636363636365;;(9, 20);1;742
0.36363636363636365;;(9, 20);1;743
0.36363636363636365;;(9, 20);1;744
0.36363636363636365;;(9, 20);1;745
0.36363636363636365;;(9, 20);1;746
0.36363636363636365;;(9, 20);1;747
0.36363636363636365;;(9, 20);1;748
0.36363636363636365;;(9, 20);1;749
0.36363636363636365;;(9, 20);1;750
0.36363636363636365;;(9, 20);1;751
0.36363636363636365;;(9, 20);1;752
0.36363636363636365;;(9, 20);1;753
0.36363636363636365;;(9, 20);1;754
0.36363636363636365;;(9, 20);1;755
0.36363636363636365;;(9, 20);1;756
0.36363636363636365;;(9, 20);1;757
0.36363636363636365;;(9, 20);1;758
0.36363636363636365;;(9, 20);1;759
0.36363636363636365;;(9, 20);1;760
0.36363636363636365;;(9, 20);1;761
0.36363636363636365;;(9, 20);1;762
0.36363636363636365;;(9, 20);1;763
0.36363636363636365;;(9, 20);1;764
0.36363636363636365;;(9, 20);1;765
0.36363636363636365;;(9, 20);1;766
0.36363636363636365;;(9, 20);1;767
0.36363636363636365;;(9, 20);1;768
0.36363636363636365;;(9, 20);1;769
0.36363636363636365;;(9, 20);1;770
0.36363636363636365;;(9, 20);1;771
0.36363636363636365;;(9, 20);1;772
0.36363636363636365;;(9, 20);1;773
0.36363636363636365;;(9, 20);1;774
0.36363636363636365;;(9, 20);1;775
0.36363636363636365;;(9, 20);1;776
0.36363636363636365;;(9, 20);1;777
0.36363636363636365;;(9, 20);1;778
0.36363636363636365;;(9, 20);1;779
0.36363636363636365;;(9, 20);1;780
0.36363636363636365;;(9, 20);1;781
0.36363636363636365;;(9, 20);1;782
0.36363636363636365;;(9, 20);1;783
0.36363636363636365;;(9, 20);1;784
0.36363636363636365;;(9, 20);1;785
0.36363636363636365;;(9, 20);1;786
0.36363636363636365;;(9, 20);1;787
0.36363636363636365;;(9, 20);1;788
0.36363636363636365;;(9, 20);1;789
0.36363636363636365;;(9, 20);1;790
0.36363636363636365;;(9, 20);1;791
0.36363636363636365;;(9, 20);1;792
0.36363636363636365;;(9, 20);1;793
0.36363636363636365;;(9, 20);1;794
0.36363636363636365;;(9, 20);1;795
0.36363636363636365;;(9, 20);1;796
0.36363636363636365;;(9, 20);1;797
0.36363636363636365;;(9, 20);1;798
0.36363636363636365;;(9, 20);1;799
0.36363636363636365;;(9, 20);1;800
0.36363636363636365;;(9, 20);1;801
0.36363636363636365;;(9, 20);1;802
0.36363636363636365;;(9, 20);1;803
0.36363636363636365;;(9, 20);1;804
0.36363636363636365;;(9, 20);1;805
0.36363636363636365;;(9, 20);1;806
0.36363636363636365;;(9, 20);1;807
0.36363636363636365;;(9, 20);1;808
0.36363636363636365;;(9, 20);1;809
0.36363636363636365;;(9, 20);1;810
0.36363636363636365;;(9, 20);1;811
0.36363636363636365;;(9, 20);1;812
0.36363636363636365;;(9, 20);1;813
0.36363636363636365;;(9, 20);1;814
0.36363636363636365;;(9, 20);1;815
0.36363636363636365;;(9, 20);1;816
0.36363636363636365;;(9, 20);1;817
0.36363636363636365;;(9, 20);1;818
0.36363636363636365;;(9, 20);1;819
0.36363636363636365;;(9, 20);1;820
0.36363636363636365;;(9, 20);1;821
0.36363636363636365;;(9, 20);1;822
0.36363636363636365;;(9, 20);1;823
0.36363636363636365;Idle;(9, 20);1;824
0.36363636363636365;MoveSouth;(9, 21);1;825
0.36363636363636365;MoveSouthWest;(8, 22);1;826
0.36363636363636365;MoveSouth;(8, 23);1;827
0.36363636363636365;MoveNorthEast;(9, 22);1;828
0.36363636363636365;MoveSouth;(9, 23);1;829
0.36363636363636365;MoveNorthEast;(10, 22);1;830
0.36363636363636365;MoveSouth;(10, 23);1;831
0.36363636363636365;Idle;(10, 23);1;832
0.36363636363636365;MoveNorthWest;(9, 22);1;833
0.36363636363636365;MoveNorth;(9, 21);1;834
0.36363636363636365;MoveNorthWest;(8, 20);1;835
0.36363636363636365;MoveWest;(7, 20);1;836
0.36363636363636365;MoveWest;(6, 20);1;837
0.36363636363636365;MoveWest;(5, 20);1;838
0.36363636363636365;MoveWest;(4, 20);1;839
0.36363636363636365;MoveWest;(3, 20);1;840
0.36363636363636365;MoveWest;(2, 20);1;841
0.36363636363636365;Idle;(2, 20);1;842
0.36363636363636365;MoveSouth;(2, 21);1;843
0.36363636363636365;MoveSouthWest;(1, 22);1;844
0.36363636363636365;MoveSouth;(1, 23);1;845
0.36363636363636365;MoveNorthEast;(2, 22);1;846
0.36363636363636365;MoveSouth;(2, 23);1;847
0.36363636363636365;AddObject;(2, 23);1;848
0.36363636363636365;Idle;(2, 23);1;849
0.36363636363636365;;(2, 23);1;850
0.36363636363636365;;(2, 23);1;851
0.36363636363636365;;(2, 23);1;852
0.36363636363636365;;(2, 23);1;853
0.36363636363636365;;(2, 23);1;854
0.36363636363636365;;(2, 23);1;855
0.36363636363636365;;(2, 23);1;856
0.36363636363636365;;(2, 23);1;857
0.36363636363636365;;(2, 23);1;858
0.36363636363636365;;(2, 23);1;859
0.36363636363636365;;(2, 23);1;860
0.36363636363636365;;(2, 23);1;861
0.36363636363636365;;(2, 23);1;862
0.36363636363636365;;(2, 23);1;863
0.36363636363636365;;(2, 23);1;864
0.36363636363636365;;(2, 23);1;865
0.36363636363636365;;(2, 23);1;866
0.36363636363636365;;(2, 23);1;867
0.36363636363636365;;(2, 23);1;868
0.36363636363636365;;(2, 23);1;869
0.36363636363636365;;(2, 23);1;870
0.36363636363636365;;(2, 23);1;871
0.36363636363636365;;(2, 23);1;872
0.36363636363636365;;(2, 23);1;873
0.36363636363636365;;(2, 23);1;874
0.36363636363636365;;(2, 23);1;875
0.36363636363636365;;(2, 23);1;876
0.36363636363636365;;(2, 23);1;877
0.36363636363636365;;(2, 23);1;878
0.36363636363636365;;(2, 23);1;879
0.36363636363636365;;(2, 23);1;880
0.36363636363636365;;(2, 23);1;881
0.36363636363636365;;(2, 23);1;882
0.36363636363636365;;(2, 23);1;883
0.36363636363636365;;(2, 23);1;884
0.36363636363636365;;(2, 23);1;885
0.36363636363636365;;(2, 23);1;886
0.36363636363636365;;(2, 23);1;887
0.36363636363636365;;(2, 23);1;888
0.36363636363636365;;(2, 23);1;889
0.36363636363636365;;(2, 23);1;890
0.36363636363636365;;(2, 23);1;891
0.36363636363636365;;(2, 23);1;892
0.36363636363636365;;(2, 23);1;893
0.36363636363636365;;(2, 23);1;894
0.36363636363636365;;(2, 23);1;895
0.36363636363636365;;(2, 23);1;896
0.36363636363636365;;(2, 23);1;897
0.36363636363636365;;(2, 23);1;898
0.36363636363636365;;(2, 23);1;899
0.36363636363636365;;(2, 23);1;900
0.36363636363636365;;(2, 23);1;901
0.36363636363636365;;(2, 23);1;902
0.36363636363636365;;(2, 23);1;903
0.36363636363636365;;(2, 23);1;904
0.36363636363636365;;(2, 23);1;905
0.36363636363636365;;(2, 23);1;906
0.36363636363636365;;(2, 23);1;907
0.36363636363636365;;(2, 23);1;908
0.36363636363636365;;(2, 23);1;909
0.36363636363636365;;(2, 23);1;910
0.36363636363636365;;(2, 23);1;911
0.36363636363636365;;(2, 23);1;912
0.36363636363636365;;(2, 23);1;913
0.36363636363636365;;(2, 23);1;914
0.36363636363636365;;(2, 23);1;915
0.36363636363636365;RemoveObject;(2, 23);1;916
0.36363636363636365;MoveNorthEast;(3, 22);1;917
0.36363636363636365;MoveSouth;(3, 23);1;918
0.36363636363636365;Idle;(3, 23);1;919
0.36363636363636365;MoveNorth;(3, 22);1;920
0.36363636363636365;MoveNorthWest;(2, 21);1;921
0.36363636363636365;MoveNorth;(2, 20);1;922
0.36363636363636365;MoveNorth;(2, 19);1;923
0.36363636363636365;MoveNorth;(2, 18);1;924
0.36363636363636365;Idle;(2, 18);1;925
0.36363636363636365;MoveNorth;(2, 17);1;926
0.36363636363636365;MoveNorthWest;(1, 16);1;927
0.36363636363636365;MoveNorth;(1, 15);1;928
0.36363636363636365;MoveSouth;(1, 16);1;929
0.36363636363636365;MoveNorthEast;(2, 15);1;930
0.36363636363636365;MoveSouth;(2, 16);1;931
0.36363636363636365;AddObject;(2, 16);1;932
0.36363636363636365;Idle;(2, 16);1;933
0.36363636363636365;;(2, 16);1;934
0.36363636363636365;;(2, 16);1;935
0.36363636363636365;;(2, 16);1;936
0.36363636363636365;;(2, 16);1;937
0.36363636363636365;;(2, 16);1;938
0.36363636363636365;;(2, 16);1;939
0.36363636363636365;;(2, 16);1;940
0.36363636363636365;;(2, 16);1;941
0.36363636363636365;;(2, 16);1;942
0.45454545454545453;;(2, 16);1;943
0.45454545454545453;;(2, 16);1;944
0.45454545454545453;;(2, 16);1;945
0.45454545454545453;;(2, 16);1;946
0.45454545454545453;;(2, 16);1;947
0.45454545454545453;;(2, 16);1;948
0.45454545454545453;;(2, 16);1;949
0.45454545454545453;;(2, 16);1;950
0.45454545454545453;;(2, 16);1;951
0.45454545454545453;;(2, 16);1;952
0.45454545454545453;;(2, 16);1;953
0.45454545454545453;;(2, 16);1;954
0.45454545454545453;;(2, 16);1;955
0.45454545454545453;;(2, 16);1;956
0.45454545454545453;;(2, 16);1;957
0.45454545454545453;;(2, 16);1;958
0.45454545454545453;;(2, 16);1;959
0.45454545454545453;;(2, 16);1;960
0.45454545454545453;;(2, 16);1;961
0.45454545454545453;;(2, 16);1;962
0.45454545454545453;;(2, 16);1;963
0.45454545454545453;;(2, 16);1;964
0.45454545454545453;;(2, 16);1;965
0.45454545454545453;;(2, 16);1;966
0.45454545454545453;;(2, 16);1;967
0.45454545454545453;;(2, 16);1;968
0.45454545454545453;;(2, 16);1;969
0.45454545454545453;;(2, 16);1;970
0.45454545454545453;;(2, 16);1;971
0.45454545454545453;;(2, 16);1;972
0.45454545454545453;;(2, 16);1;973
0.45454545454545453;;(2, 16);1;974
0.45454545454545453;;(2, 16);1;975
0.45454545454545453;;(2, 16);1;976
0.45454545454545453;;(2, 16);1;977
0.45454545454545453;;(2, 16);1;978
0.45454545454545453;;(2, 16);1;979
0.45454545454545453;;(2, 16);1;980
0.45454545454545453;;(2, 16);1;981
0.45454545454545453;;(2, 16);1;982
0.45454545454545453;;(2, 16);1;983
0.45454545454545453;;(2, 16);1;984
0.45454545454545453;;(2, 16);1;985
0.45454545454545453;;(2, 16);1;986
0.45454545454545453;;(2, 16);1;987
0.45454545454545453;;(2, 16);1;988
0.45454545454545453;;(2, 16);1;989
0.45454545454545453;;(2, 16);1;990
0.45454545454545453;;(2, 16);1;991
0.45454545454545453;;(2, 16);1;992
0.45454545454545453;;(2, 16);1;993
0.45454545454545453;;(2, 16);1;994
0.45454545454545453;;(2, 16);1;995
0.45454545454545453;;(2, 16);1;996
0.45454545454545453;;(2, 16);1;997
0.45454545454545453;RemoveObject;(2, 16);1;998
0.45454545454545453;MoveNorthEast;(3, 15);1;999
0.45454545454545453;MoveSouth;(3, 16);1;1000
0.45454545454545453;Idle;(3, 16);1;1001
0.45454545454545453;MoveSouthWest;(2, 17);1;1002
0.45454545454545453;MoveSouthEast;(3, 18);1;1003
0.45454545454545453;Idle;(3, 18);1;1004
0.45454545454545453;;(3, 18);1;1005
0.45454545454545453;;(3, 18);1;1006
0.45454545454545453;;(3, 18);1;1007
0.45454545454545453;;(3, 18);1;1008
0.45454545454545453;;(3, 18);1;1009
0.45454545454545453;;(3, 18);1;1010
0.45454545454545453;;(3, 18);1;1011
0.45454545454545453;;(3, 18);1;1012
0.45454545454545453;;(3, 18);1;1013
0.45454545454545453;;(3, 18);1;1014
0.45454545454545453;;(3, 18);1;1015
0.45454545454545453;;(3, 18);1;1016
0.45454545454545453;;(3, 18);1;1017
0.45454545454545453;;(3, 18);1;1018
0.45454545454545453;;(3, 18);1;1019
0.45454545454545453;;(3, 18);1;1020
0.45454545454545453;;(3, 18);1;1021
0.45454545454545453;;(3, 18);1;1022
0.45454545454545453;;(3, 18);1;1023
0.5454545454545454;;(3, 18);1;1024
0.5454545454545454;;(3, 18);1;1025
0.5454545454545454;;(3, 18);1;1026
0.5454545454545454;;(3, 18);1;1027
0.5454545454545454;;(3, 18);1;1028
0.5454545454545454;;(3, 18);1;1029
0.5454545454545454;;(3, 18);1;1030
0.5454545454545454;;(3, 18);1;1031
0.5454545454545454;;(3, 18);1;1032
0.5454545454545454;;(3, 18);1;1033
0.5454545454545454;;(3, 18);1;1034
0.5454545454545454;;(3, 18);1;1035
0.5454545454545454;;(3, 18);1;1036
0.5454545454545454;;(3, 18);1;1037
0.5454545454545454;;(3, 18);1;1038
0.5454545454545454;;(3, 18);1;1039
0.5454545454545454;;(3, 18);1;1040
0.5454545454545454;;(3, 18);1;1041
0.5454545454545454;;(3, 18);1;1042
0.5454545454545454;;(3, 18);1;1043
0.5454545454545454;;(3, 18);1;1044
0.5454545454545454;;(3, 18);1;1045
0.5454545454545454;;(3, 18);1;1046
0.5454545454545454;;(3, 18);1;1047
0.5454545454545454;;(3, 18);1;1048
0.5454545454545454;;(3, 18);1;1049
0.5454545454545454;;(3, 18);1;1050
0.5454545454545454;;(3, 18);1;1051
0.5454545454545454;;(3, 18);1;1052
0.5454545454545454;;(3, 18);1;1053
0.5454545454545454;;(3, 18);1;1054
0.5454545454545454;;(3, 18);1;1055
0.5454545454545454;;(3, 18);1;1056
0.5454545454545454;;(3, 18);1;1057
0.5454545454545454;;(3, 18);1;1058
0.5454545454545454;;(3, 18);1;1059
0.5454545454545454;;(3, 18);1;1060
0.5454545454545454;;(3, 18);1;1061
0.5454545454545454;;(3, 18);1;1062
0.5454545454545454;;(3, 18);1;1063
0.5454545454545454;;(3, 18);1;1064
0.5454545454545454;;(3, 18);1;1065
0.5454545454545454;;(3, 18);1;1066
0.5454545454545454;;(3, 18);1;1067
0.5454545454545454;;(3, 18);1;1068
0.5454545454545454;;(3, 18);1;1069
0.5454545454545454;;(3, 18);1;1070
0.5454545454545454;;(3, 18);1;1071
0.5454545454545454;;(3, 18);1;1072
0.5454545454545454;;(3, 18);1;1073
0.5454545454545454;;(3, 18);1;1074
0.5454545454545454;;(3, 18);1;1075
0.5454545454545454;;(3, 18);1;1076
0.5454545454545454;;(3, 18);1;1077
0.5454545454545454;;(3, 18);1;1078
0.5454545454545454;;(3, 18);1;1079
0.5454545454545454;MoveEast;(4, 18);1;1080
0.5454545454545454;MoveNorthEast;(5, 17);1;1081
0.5454545454545454;MoveNorth;(5, 16);1;1082
0.5454545454545454;MoveNorth;(5, 15);1;1083
0.5454545454545454;MoveNorth;(5, 14);1;1084
0.5454545454545454;MoveNorth;(5, 13);1;1085
0.5454545454545454;MoveNorth;(5, 12);1;1086
0.5454545454545454;MoveNorth;(5, 11);1;1087
0.5454545454545454;MoveNorth;(5, 10);1;1088
0.5454545454545454;MoveNorth;(5, 9);1;1089
0.5454545454545454;MoveNorth;(5, 8);1;1090
0.5454545454545454;MoveNorth;(5, 7);1;1091
0.5454545454545454;MoveNorthWest;(4, 6);1;1092
0.5454545454545454;MoveWest;(3, 6);1;1093
0.5454545454545454;MoveWest;(2, 6);1;1094
0.5454545454545454;Idle;(2, 6);1;1095
0.5454545454545454;MoveSouth;(2, 7);1;1096
0.5454545454545454;MoveSouthWest;(1, 8);1;1097
0.5454545454545454;MoveSouth;(1, 9);1;1098
0.5454545454545454;AddObject;(1, 9);1;1099
0.5454545454545454;MoveNorthEast;(2, 8);1;1100
0.5454545454545454;AddObject;(2, 8);1;1101
0.5454545454545454;MoveSouth;(2, 9);1;1102
0.5454545454545454;AddObject;(2, 9);1;1103
0.5454545454545454;MoveNorthEast;(3, 8);1;1104
0.5454545454545454;MoveSouth;(3, 9);1;1105
0.5454545454545454;Idle;(3, 9);1;1106
0.5454545454545454;;(3, 9);1;1107
0.5454545454545454;;(3, 9);1;1108
0.5454545454545454;;(3, 9);1;1109
0.5454545454545454;;(3, 9);1;1110
0.5454545454545454;;(3, 9);1;1111
0.5454545454545454;;(3, 9);1;1112
0.5454545454545454;;(3, 9);1;1113
0.5454545454545454;;(3, 9);1;1114
0.5454545454545454;;(3, 9);1;1115
0.5454545454545454;;(3, 9);1;1116
0.5454545454545454;;(3, 9);1;1117
0.5454545454545454;;(3, 9);1;1118
0.5454545454545454;;(3, 9);1;1119
0.5454545454545454;;(3, 9);1;1120
0.5454545454545454;;(3, 9);1;1121
0.5454545454545454;;(3, 9);1;1122
0.5454545454545454;;(3, 9);1;1123
0.5454545454545454;;(3, 9);1;1124
0.5454545454545454;;(3, 9);1;1125
0.5454545454545454;;(3, 9);1;1126
0.5454545454545454;;(3, 9);1;1127
0.5454545454545454;;(3, 9);1;1128
0.5454545454545454;;(3, 9);1;1129
0.5454545454545454;;(3, 9);1;1130
0.5454545454545454;;(3, 9);1;1131
0.5454545454545454;;(3, 9);1;1132
0.5454545454545454;;(3, 9);1;1133
0.5454545454545454;;(3, 9);1;1134
0.5454545454545454;;(3, 9);1;1135
0.5454545454545454;;(3, 9);1;1136
0.5454545454545454;;(3, 9);1;1137
0.5454545454545454;;(3, 9);1;1138
0.5454545454545454;;(3, 9);1;1139
0.5454545454545454;;(3, 9);1;1140
0.5454545454545454;;(3, 9);1;1141
0.5454545454545454;;(3, 9);1;1142
0.5454545454545454;;(3, 9);1;1143
0.5454545454545454;;(3, 9);1;1144
0.5454545454545454;;(3, 9);1;1145
0.5454545454545454;;(3, 9);1;1146
0.5454545454545454;;(3, 9);1;1147
0.5454545454545454;;(3, 9);1;1148
0.5454545454545454;;(3, 9);1;1149
0.5454545454545454;;(3, 9);1;1150
0.5454545454545454;;(3, 9);1;1151
0.5454545454545454;;(3, 9);1;1152
0.5454545454545454;;(3, 9);1;1153
0.5454545454545454;;(3, 9);1;1154
0.5454545454545454;RemoveObject;(3, 9);1;1155
0.5454545454545454;;(3, 9);1;1156
0.5454545454545454;;(3, 9);1;1157
0.5454545454545454;;(3, 9);1;1158
0.5454545454545454;;(3, 9);1;1159
0.5454545454545454;;(3, 9);1;1160
0.5454545454545454;;(3, 9);1;1161
0.5454545454545454;;(3, 9);1;1162
0.5454545454545454;;(3, 9);1;1163
0.5454545454545454;;(3, 9);1;1164
0.5454545454545454;RemoveObject;(3, 9);1;1165
0.5454545454545454;Idle;(3, 9);1;1166
0.5454545454545454;Idle;(3, 9);1;1167
0.5454545454545454;MoveWest;(2, 9);1;1168
0.5454545454545454;RemoveObject;(2, 9);1;1169
0.5454545454545454;CarryObject;(2, 9);1;1170
0.5454545454545454;MoveNorth;(2, 8);1;1171
0.5454545454545454;MoveNorth;(2, 7);1;1172
0.5454545454545454;;(2, 7);1;1173
0.5454545454545454;;(2, 7);1;1174
0.5454545454545454;;(2, 7);1;1175
0.5454545454545454;;(2, 7);1;1176
0.5454545454545454;;(2, 7);1;1177
0.5454545454545454;;(2, 7);1;1178
0.5454545454545454;;(2, 7);1;1179
0.5454545454545454;;(2, 7);1;1180
0.5454545454545454;;(2, 7);1;1181
0.5454545454545454;;(2, 7);1;1182
0.5454545454545454;;(2, 7);1;1183
0.5454545454545454;;(2, 7);1;1184
0.5454545454545454;;(2, 7);1;1185
0.5454545454545454;;(2, 7);1;1186
0.5454545454545454;;(2, 7);1;1187
0.5454545454545454;;(2, 7);1;1188
0.5454545454545454;;(2, 7);1;1189
0.5454545454545454;;(2, 7);1;1190
0.5454545454545454;;(2, 7);1;1191
0.5454545454545454;;(2, 7);1;1192
0.5454545454545454;;(2, 7);1;1193
0.5454545454545454;;(2, 7);1;1194
0.5454545454545454;;(2, 7);1;1195
0.5454545454545454;;(2, 7);1;1196
0.5454545454545454;;(2, 7);1;1197
0.5454545454545454;;(2, 7);1;1198
0.5454545454545454;;(2, 7);1;1199
0.5454545454545454;;(2, 7);1;1200
0.5454545454545454;;(2, 7);1;1201
0.5454545454545454;;(2, 7);1;1202
0.5454545454545454;RemoveObject;(2, 7);1;1203
0.5454545454545454;Idle;(2, 7);1;1204
0.5454545454545454;MoveNorthEast;(3, 6);1;1205
0.5454545454545454;Idle;(3, 6);1;1206
0.5454545454545454;;(3, 6);1;1207
0.5454545454545454;;(3, 6);1;1208
0.5454545454545454;;(3, 6);1;1209
0.5454545454545454;;(3, 6);1;1210
0.5454545454545454;;(3, 6);1;1211
0.5454545454545454;;(3, 6);1;1212
0.5454545454545454;;(3, 6);1;1213
0.5454545454545454;;(3, 6);1;1214
0.5454545454545454;;(3, 6);1;1215
0.5454545454545454;;(3, 6);1;1216
0.5454545454545454;;(3, 6);1;1217
0.5454545454545454;;(3, 6);1;1218
0.5454545454545454;;(3, 6);1;1219
0.5454545454545454;;(3, 6);1;1220
0.5454545454545454;;(3, 6);1;1221
0.5454545454545454;;(3, 6);1;1222
0.5454545454545454;;(3, 6);1;1223
0.5454545454545454;;(3, 6);1;1224
0.5454545454545454;;(3, 6);1;1225
0.5454545454545454;;(3, 6);1;1226
0.5454545454545454;;(3, 6);1;1227
0.5454545454545454;;(3, 6);1;1228
0.5454545454545454;;(3, 6);1;1229
0.5454545454545454;;(3, 6);1;1230
0.5454545454545454;;(3, 6);1;1231
0.5454545454545454;;(3, 6);1;1232
0.5454545454545454;;(3, 6);1;1233
0.5454545454545454;;(3, 6);1;1234
0.5454545454545454;;(3, 6);1;1235
0.5454545454545454;;(3, 6);1;1236
0.5454545454545454;;(3, 6);1;1237
0.5454545454545454;;(3, 6);1;1238
0.5454545454545454;;(3, 6);1;1239
0.5454545454545454;;(3, 6);1;1240
0.5454545454545454;;(3, 6);1;1241
0.5454545454545454;;(3, 6);1;1242
0.5454545454545454;;(3, 6);1;1243
0.5454545454545454;;(3, 6);1;1244
0.5454545454545454;;(3, 6);1;1245
0.5454545454545454;;(3, 6);1;1246
0.5454545454545454;;(3, 6);1;1247
0.5454545454545454;;(3, 6);1;1248
0.5454545454545454;;(3, 6);1;1249
0.5454545454545454;;(3, 6);1;1250
0.5454545454545454;;(3, 6);1;1251
0.5454545454545454;;(3, 6);1;1252
0.5454545454545454;;(3, 6);1;1253
0.5454545454545454;;(3, 6);1;1254
0.5454545454545454;;(3, 6);1;1255
0.5454545454545454;MoveEast;(4, 6);1;1256
0.5454545454545454;MoveEast;(5, 6);1;1257
0.5454545454545454;MoveEast;(6, 6);1;1258
0.5454545454545454;MoveEast;(7, 6);1;1259
0.5454545454545454;MoveEast;(8, 6);1;1260
0.5454545454545454;MoveEast;(9, 6);1;1261
0.5454545454545454;MoveEast;(10, 6);1;1262
0.5454545454545454;MoveEast;(11, 6);1;1263
0.5454545454545454;MoveEast;(12, 6);1;1264
0.5454545454545454;MoveEast;(13, 6);1;1265
0.5454545454545454;MoveEast;(14, 6);1;1266
0.5454545454545454;MoveEast;(15, 6);1;1267
0.5454545454545454;MoveEast;(16, 6);1;1268
0.5454545454545454;MoveEast;(17, 6);1;1269
0.5454545454545454;MoveEast;(18, 6);1;1270
0.5454545454545454;MoveSouthEast;(19, 7);1;1271
0.5454545454545454;MoveSouthEast;(20, 8);1;1272
0.5454545454545454;MoveEast;(21, 8);1;1273
0.5454545454545454;MoveSouthEast;(22, 9);1;1274
0.5454545454545454;MoveEast;(23, 9);1;1275
0.5454545454545454;MoveEast;(24, 9);1;1276
0.5454545454545454;MoveSouthEast;(25, 10);1;1277
0.6363636363636364;Drop;(25, 10);1;1278
0.6363636363636364;Idle;(25, 10);1;1279
0.6363636363636364;MoveWest;(24, 10);1;1280
0.6363636363636364;MoveWest;(23, 10);1;1281
0.6363636363636364;MoveWest;(22, 10);1;1282
0.6363636363636364;MoveNorthWest;(21, 9);1;1283
0.6363636363636364;MoveNorthWest;(20, 8);1;1284
0.6363636363636364;MoveNorthWest;(19, 7);1;1285
0.6363636363636364;MoveNorthWest;(18, 6);1;1286
0.6363636363636364;MoveWest;(17, 6);1;1287
0.6363636363636364;MoveWest;(16, 6);1;1288
0.6363636363636364;MoveWest;(15, 6);1;1289
0.6363636363636364;MoveWest;(14, 6);1;1290
0.6363636363636364;MoveWest;(13, 6);1;1291
0.6363636363636364;MoveWest;(12, 6);1;1292
0.6363636363636364;MoveWest;(11, 6);1;1293
0.6363636363636364;MoveWest;(10, 6);1;1294
0.6363636363636364;MoveWest;(9, 6);1;1295
0.6363636363636364;MoveWest;(8, 6);1;1296
0.6363636363636364;MoveWest;(7, 6);1;1297
0.6363636363636364;MoveWest;(6, 6);1;1298
0.6363636363636364;MoveWest;(5, 6);1;1299
0.6363636363636364;MoveWest;(4, 6);1;1300
0.6363636363636364;MoveWest;(3, 6);1;1301
0.6363636363636364;MoveSouthWest;(2, 7);1;1302
0.6363636363636364;MoveSouth;(2, 8);1;1303
0.6363636363636364;MoveSouthEast;(3, 9);1;1304
0.6363636363636364;RemoveObject;(3, 9);1;1305
0.6363636363636364;CarryObject;(3, 9);1;1306
0.6363636363636364;MoveNorth;(3, 8);1;1307
0.6363636363636364;MoveNorthWest;(2, 7);1;1308
0.6363636363636364;MoveNorthEast;(3, 6);1;1309
0.6363636363636364;MoveEast;(4, 6);1;1310
0.6363636363636364;MoveEast;(5, 6);1;1311
0.6363636363636364;MoveEast;(6, 6);1;1312
0.6363636363636364;MoveEast;(7, 6);1;1313
0.6363636363636364;MoveEast;(8, 6);1;1314
0.6363636363636364;MoveEast;(9, 6);1;1315
0.6363636363636364;MoveEast;(10, 6);1;1316
0.6363636363636364;MoveEast;(11, 6);1;1317
0.6363636363636364;MoveEast;(12, 6);1;1318
0.6363636363636364;MoveEast;(13, 6);1;1319
0.6363636363636364;MoveEast;(14, 6);1;1320
0.6363636363636364;MoveEast;(15, 6);1;1321
0.6363636363636364;MoveEast;(16, 6);1;1322
0.6363636363636364;MoveEast;(17, 6);1;1323
0.6363636363636364;MoveEast;(18, 6);1;1324
0.6363636363636364;MoveSouthEast;(19, 7);1;1325
0.6363636363636364;MoveSouthEast;(20, 8);1;1326
0.6363636363636364;MoveSouthEast;(21, 9);1;1327
0.6363636363636364;MoveSouthEast;(22, 10);1;1328
0.6363636363636364;MoveEast;(23, 10);1;1329
0.6363636363636364;MoveEast;(24, 10);1;1330
0.6363636363636364;MoveSouthEast;(25, 11);1;1331
0.7272727272727273;Drop;(25, 11);1;1332
0.7272727272727273;MoveNorthWest;(24, 10);1;1333
0.7272727272727273;MoveNorthWest;(23, 9);1;1334
0.7272727272727273;MoveWest;(22, 9);1;1335
0.7272727272727273;MoveNorthWest;(21, 8);1;1336
0.7272727272727273;MoveWest;(20, 8);1;1337
0.7272727272727273;MoveNorthWest;(19, 7);1;1338
0.7272727272727273;MoveNorthWest;(18, 6);1;1339
0.7272727272727273;MoveWest;(17, 6);1;1340
0.7272727272727273;MoveWest;(16, 6);1;1341
0.7272727272727273;Idle;(16, 6);1;1342
0.7272727272727273;MoveSouth;(16, 7);1;1343
0.7272727272727273;MoveSouthWest;(15, 8);1;1344
0.7272727272727273;MoveSouth;(15, 9);1;1345
0.7272727272727273;MoveNorthEast;(16, 8);1;1346
0.7272727272727273;MoveSouth;(16, 9);1;1347
0.7272727272727273;MoveNorthEast;(17, 8);1;1348
0.7272727272727273;MoveSouth;(17, 9);1;1349
0.7272727272727273;Idle;(17, 9);1;1350
0.7272727272727273;MoveNorth;(17, 8);1;1351
0.7272727272727273;MoveNorthWest;(16, 7);1;1352
0.7272727272727273;MoveNorth;(16, 6);1;1353
0.7272727272727273;MoveNorth;(16, 5);1;1354
0.7272727272727273;MoveNorth;(16, 4);1;1355
0.7272727272727273;Idle;(16, 4);1;1356
0.7272727272727273;MoveNorth;(16, 3);1;1357
0.7272727272727273;MoveNorthWest;(15, 2);1;1358
0.7272727272727273;MoveNorth;(15, 1);1;1359
0.7272727272727273;AddObject;(15, 1);1;1360
0.7272727272727273;MoveSouth;(15, 2);1;1361
0.7272727272727273;MoveNorthEast;(16, 1);1;1362
0.7272727272727273;AddObject;(16, 1);1;1363
0.7272727272727273;MoveSouth;(16, 2);1;1364
0.7272727272727273;AddObject;(16, 2);1;1365
0.7272727272727273;MoveNorthEast;(17, 1);1;1366
0.7272727272727273;MoveSouth;(17, 2);1;1367
0.7272727272727273;Idle;(17, 2);1;1368
0.7272727272727273;;(17, 2);1;1369
0.7272727272727273;;(17, 2);1;1370
0.7272727272727273;;(17, 2);1;1371
0.7272727272727273;;(17, 2);1;1372
0.7272727272727273;;(17, 2);1;1373
0.7272727272727273;;(17, 2);1;1374
0.7272727272727273;;(17, 2);1;1375
0.7272727272727273;;(17, 2);1;1376
0.7272727272727273;;(17, 2);1;1377
0.7272727272727273;;(17, 2);1;1378
0.7272727272727273;;(17, 2);1;1379
0.7272727272727273;;(17, 2);1;1380
0.7272727272727273;;(17, 2);1;1381
0.7272727272727273;;(17, 2);1;1382
0.7272727272727273;;(17, 2);1;1383
0.7272727272727273;;(17, 2);1;1384
0.7272727272727273;;(17, 2);1;1385
0.7272727272727273;;(17, 2);1;1386
0.7272727272727273;;(17, 2);1;1387
0.7272727272727273;;(17, 2);1;1388
0.7272727272727273;;(17, 2);1;1389
0.7272727272727273;;(17, 2);1;1390
0.7272727272727273;;(17, 2);1;1391
0.7272727272727273;;(17, 2);1;1392
0.7272727272727273;;(17, 2);1;1393
0.7272727272727273;;(17, 2);1;1394
0.7272727272727273;;(17, 2);1;1395
0.7272727272727273;;(17, 2);1;1396
0.7272727272727273;;(17, 2);1;1397
0.7272727272727273;;(17, 2);1;1398
0.7272727272727273;;(17, 2);1;1399
0.7272727272727273;;(17, 2);1;1400
0.7272727272727273;;(17, 2);1;1401
0.7272727272727273;;(17, 2);1;1402
0.7272727272727273;;(17, 2);1;1403
0.7272727272727273;;(17, 2);1;1404
0.7272727272727273;;(17, 2);1;1405
0.7272727272727273;;(17, 2);1;1406
0.7272727272727273;;(17, 2);1;1407
0.7272727272727273;;(17, 2);1;1408
0.7272727272727273;;(17, 2);1;1409
0.7272727272727273;;(17, 2);1;1410
0.7272727272727273;;(17, 2);1;1411
0.7272727272727273;;(17, 2);1;1412
0.7272727272727273;;(17, 2);1;1413
0.7272727272727273;;(17, 2);1;1414
0.7272727272727273;;(17, 2);1;1415
0.7272727272727273;;(17, 2);1;1416
0.7272727272727273;RemoveObject;(17, 2);1;1417
0.7272727272727273;;(17, 2);1;1418
0.7272727272727273;;(17, 2);1;1419
0.7272727272727273;;(17, 2);1;1420
0.7272727272727273;;(17, 2);1;1421
0.7272727272727273;;(17, 2);1;1422
0.7272727272727273;;(17, 2);1;1423
0.7272727272727273;;(17, 2);1;1424
0.7272727272727273;;(17, 2);1;1425
0.7272727272727273;;(17, 2);1;1426
0.7272727272727273;RemoveObject;(17, 2);1;1427
0.7272727272727273;Idle;(17, 2);1;1428
0.7272727272727273;Idle;(17, 2);1;1429
0.7272727272727273;MoveNorth;(17, 1);1;1430
0.7272727272727273;RemoveObject;(17, 1);1;1431
0.7272727272727273;CarryObject;(17, 1);1;1432
0.7272727272727273;MoveSouth;(17, 2);1;1433
0.7272727272727273;MoveSouthWest;(16, 3);1;1434
0.7272727272727273;MoveSouthEast;(17, 4);1;1435
0.7272727272727273;MoveSouthEast;(18, 5);1;1436
0.7272727272727273;MoveSouthEast;(19, 6);1;1437
0.7272727272727273;MoveSouthEast;(20, 7);1;1438
0.7272727272727273;MoveSouthEast;(21, 8);1;1439
0.7272727272727273;MoveSouthEast;(22, 9);1;1440
0.7272727272727273;MoveSouthEast;(23, 10);1;1441
0.7272727272727273;MoveSouthEast;(24, 11);1;1442
0.7272727272727273;MoveSouthEast;(25, 12);1;1443
0.8181818181818182;Drop;(25, 12);1;1444
0.8181818181818182;Idle;(25, 12);1;1445
0.8181818181818182;MoveNorthWest;(24, 11);1;1446
0.8181818181818182;MoveNorthWest;(23, 10);1;1447
0.8181818181818182;MoveNorthWest;(22, 9);1;1448
0.8181818181818182;MoveNorthWest;(21, 8);1;1449
0.8181818181818182;MoveNorthWest;(20, 7);1;1450
0.8181818181818182;MoveNorthWest;(19, 6);1;1451
0.8181818181818182;MoveNorthWest;(18, 5);1;1452
0.8181818181818182;MoveNorthWest;(17, 4);1;1453
0.8181818181818182;MoveNorthWest;(16, 3);1;1454
0.8181818181818182;MoveNorth;(16, 2);1;1455
0.8181818181818182;MoveNorth;(16, 1);1;1456
0.8181818181818182;RemoveObject;(16, 1);1;1457
0.8181818181818182;CarryObject;(16, 1);1;1458
0.8181818181818182;MoveSouth;(16, 2);1;1459
0.8181818181818182;MoveSouth;(16, 3);1;1460
0.8181818181818182;MoveSouthEast;(17, 4);1;1461
0.8181818181818182;MoveSouthEast;(18, 5);1;1462
0.8181818181818182;MoveSouthEast;(19, 6);1;1463
0.8181818181818182;MoveSouthEast;(20, 7);1;1464
0.8181818181818182;MoveSouthEast;(21, 8);1;1465
0.8181818181818182;MoveSouthEast;(22, 9);1;1466
0.8181818181818182;MoveSouthEast;(23, 10);1;1467
0.8181818181818182;MoveSouth;(23, 11);1;1468
0.8181818181818182;MoveSouthEast;(24, 12);1;1469
0.8181818181818182;MoveSouth;(24, 13);1;1470
0.8181818181818182;MoveSouth;(24, 14);1;1471
0.8181818181818182;MoveSouthEast;(25, 15);1;1472
0.9090909090909091;Drop;(25, 15);1;1473
0.9090909090909091;MoveNorthWest;(24, 14);1;1474
0.9090909090909091;MoveNorthWest;(23, 13);1;1475
0.9090909090909091;MoveNorthWest;(22, 12);1;1476
0.9090909090909091;MoveNorthWest;(21, 11);1;1477
0.9090909090909091;MoveNorthWest;(20, 10);1;1478
0.9090909090909091;MoveNorthWest;(19, 9);1;1479
0.9090909090909091;MoveNorth;(19, 8);1;1480
0.9090909090909091;MoveNorth;(19, 7);1;1481
0.9090909090909091;MoveNorthWest;(18, 6);1;1482
0.9090909090909091;MoveWest;(17, 6);1;1483
0.9090909090909091;MoveWest;(16, 6);1;1484
0.9090909090909091;MoveWest;(15, 6);1;1485
0.9090909090909091;MoveWest;(14, 6);1;1486
0.9090909090909091;MoveWest;(13, 6);1;1487
0.9090909090909091;MoveWest;(12, 6);1;1488
0.9090909090909091;MoveWest;(11, 6);1;1489
0.9090909090909091;MoveWest;(10, 6);1;1490
0.9090909090909091;MoveWest;(9, 6);1;1491
0.9090909090909091;Idle;(9, 6);1;1492
0.9090909090909091;MoveSouth;(9, 7);1;1493
0.9090909090909091;MoveSouthWest;(8, 8);1;1494
0.9090909090909091;MoveSouth;(8, 9);1;1495
0.9090909090909091;MoveNorthEast;(9, 8);1;1496
0.9090909090909091;MoveSouth;(9, 9);1;1497
0.9090909090909091;MoveNorthEast;(10, 8);1;1498
0.9090909090909091;MoveSouth;(10, 9);1;1499
0.9090909090909091;Idle;(10, 9);1;1500
0.9090909090909091;MoveNorth;(10, 8);1;1501
0.9090909090909091;MoveNorthWest;(9, 7);1;1502
0.9090909090909091;MoveNorth;(9, 6);1;1503
0.9090909090909091;MoveNorth;(9, 5);1;1504
0.9090909090909091;MoveNorth;(9, 4);1;1505
0.9090909090909091;Idle;(9, 4);1;1506
0.9090909090909091;MoveNorth;(9, 3);1;1507
0.9090909090909091;MoveNorthWest;(8, 2);1;1508
0.9090909090909091;MoveNorth;(8, 1);1;1509
0.9090909090909091;MoveSouth;(8, 2);1;1510
0.9090909090909091;MoveNorthEast;(9, 1);1;1511
0.9090909090909091;MoveSouth;(9, 2);1;1512
0.9090909090909091;MoveNorthEast;(10, 1);1;1513
0.9090909090909091;MoveSouth;(10, 2);1;1514
0.9090909090909091;Idle;(10, 2);1;1515
0.9090909090909091;MoveSouthWest;(9, 3);1;1516
0.9090909090909091;MoveSouthWest;(8, 4);1;1517
0.9090909090909091;MoveWest;(7, 4);1;1518
0.9090909090909091;MoveWest;(6, 4);1;1519
0.9090909090909091;MoveWest;(5, 4);1;1520
0.9090909090909091;MoveWest;(4, 4);1;1521
0.9090909090909091;MoveWest;(3, 4);1;1522
0.9090909090909091;MoveWest;(2, 4);1;1523
0.9090909090909091;Idle;(2, 4);1;1524
0.9090909090909091;MoveNorth;(2, 3);1;1525
0.9090909090909091;MoveNorthWest;(1, 2);1;1526
0.9090909090909091;MoveNorth;(1, 1);1;1527
0.9090909090909091;MoveSouth;(1, 2);1;1528
0.9090909090909091;MoveNorthEast;(2, 1);1;1529
0.9090909090909091;MoveSouth;(2, 2);1;1530
0.9090909090909091;AddObject;(2, 2);1;1531
0.9090909090909091;Idle;(2, 2);1;1532
0.9090909090909091;;(2, 2);1;1533
0.9090909090909091;;(2, 2);1;1534
0.9090909090909091;;(2, 2);1;1535
0.9090909090909091;;(2, 2);1;1536
0.9090909090909091;;(2, 2);1;1537
0.9090909090909091;;(2, 2);1;1538
0.9090909090909091;;(2, 2);1;1539
0.9090909090909091;;(2, 2);1;1540
0.9090909090909091;;(2, 2);1;1541
0.9090909090909091;;(2, 2);1;1542
0.9090909090909091;;(2, 2);1;1543
0.9090909090909091;;(2, 2);1;1544
0.9090909090909091;;(2, 2);1;1545
0.9090909090909091;;(2, 2);1;1546
0.9090909090909091;;(2, 2);1;1547
0.9090909090909091;;(2, 2);1;1548
0.9090909090909091;;(2, 2);1;1549
0.9090909090909091;;(2, 2);1;1550
0.9090909090909091;;(2, 2);1;1551
0.9090909090909091;;(2, 2);1;1552
0.9090909090909091;;(2, 2);1;1553
0.9090909090909091;;(2, 2);1;1554
0.9090909090909091;;(2, 2);1;1555
0.9090909090909091;;(2, 2);1;1556
0.9090909090909091;;(2, 2);1;1557
0.9090909090909091;;(2, 2);1;1558
0.9090909090909091;;(2, 2);1;1559
0.9090909090909091;;(2, 2);1;1560
0.9090909090909091;;(2, 2);1;1561
0.9090909090909091;;(2, 2);1;1562
0.9090909090909091;;(2, 2);1;1563
0.9090909090909091;;(2, 2);1;1564
0.9090909090909091;;(2, 2);1;1565
0.9090909090909091;;(2, 2);1;1566
0.9090909090909091;;(2, 2);1;1567
0.9090909090909091;;(2, 2);1;1568
0.9090909090909091;;(2, 2);1;1569
0.9090909090909091;;(2, 2);1;1570
0.9090909090909091;;(2, 2);1;1571
0.9090909090909091;;(2, 2);1;1572
0.9090909090909091;;(2, 2);1;1573
0.9090909090909091;;(2, 2);1;1574
0.9090909090909091;;(2, 2);1;1575
0.9090909090909091;;(2, 2);1;1576
0.9090909090909091;;(2, 2);1;1577
0.9090909090909091;;(2, 2);1;1578
0.9090909090909091;;(2, 2);1;1579
0.9090909090909091;;(2, 2);1;1580
0.9090909090909091;;(2, 2);1;1581
0.9090909090909091;;(2, 2);1;1582
0.9090909090909091;;(2, 2);1;1583
0.9090909090909091;;(2, 2);1;1584
0.9090909090909091;;(2, 2);1;1585
0.9090909090909091;;(2, 2);1;1586
0.9090909090909091;;(2, 2);1;1587
0.9090909090909091;;(2, 2);1;1588
0.9090909090909091;;(2, 2);1;1589
0.9090909090909091;;(2, 2);1;1590
0.9090909090909091;;(2, 2);1;1591
0.9090909090909091;;(2, 2);1;1592
0.9090909090909091;;(2, 2);1;1593
0.9090909090909091;;(2, 2);1;1594
0.9090909090909091;;(2, 2);1;1595
0.9090909090909091;;(2, 2);1;1596
0.9090909090909091;RemoveObject;(2, 2);1;1597
0.9090909090909091;MoveNorthEast;(3, 1);1;1598
0.9090909090909091;MoveSouth;(3, 2);1;1599
0.9090909090909091;Idle;(3, 2);1;1600
0.9090909090909091;;(3, 2);1;1601
0.9090909090909091;;(3, 2);1;1602
0.9090909090909091;;(3, 2);1;1603
0.9090909090909091;;(3, 2);1;1604
0.9090909090909091;;(3, 2);1;1605
0.9090909090909091;;(3, 2);1;1606
0.9090909090909091;;(3, 2);1;1607
0.9090909090909091;;(3, 2);1;1608
0.9090909090909091;;(3, 2);1;1609
0.9090909090909091;;(3, 2);1;1610
0.9090909090909091;;(3, 2);1;1611
0.9090909090909091;;(3, 2);1;1612
0.9090909090909091;;(3, 2);1;1613
0.9090909090909091;;(3, 2);1;1614
0.9090909090909091;;(3, 2);1;1615
0.9090909090909091;;(3, 2);1;1616
0.9090909090909091;;(3, 2);1;1617
0.9090909090909091;;(3, 2);1;1618
0.9090909090909091;;(3, 2);1;1619
0.9090909090909091;;(3, 2);1;1620
1.0;;(3, 2);1;1621
