threshold;total_number_messages_human;total_number_messages_robot;firefighter_decisions;firefighter_danger;firefighter_danger_rate;total_allocations_human;total_allocations_robot;total_allocations;total_interventions;disagreement_rate;sensitivity;decision;world_nr;tick_nr
4.2;0;0;0;0;0;0;0;0;0;0;;;1;0
4.2;0;0;0;0;0;0;0;0;0;0;;;1;1
4.2;0;1;0;0;0;0;0;0;0;0;;;1;2
4.2;0;1;0;0;0;0;0;0;0;0;;;1;3
4.2;0;1;0;0;0;0;0;0;0;0;;;1;4
4.2;0;1;0;0;0;0;0;0;0;0;;;1;5
4.2;0;1;0;0;0;0;0;0;0;0;;;1;6
4.2;0;1;0;0;0;0;0;0;0;0;;;1;7
4.2;0;1;0;0;0;0;0;0;0;0;;;1;8
4.2;0;1;0;0;0;0;0;0;0;0;;;1;9
4.2;0;1;0;0;0;0;0;0;0;0;;;1;10
4.2;0;1;0;0;0;0;0;0;0;0;;;1;11
4.2;0;1;0;0;0;0;0;0;0;0;;;1;12
4.2;0;1;0;0;0;0;0;0;0;0;;;1;13
4.2;0;1;0;0;0;0;0;0;0;0;;;1;14
4.2;0;1;0;0;0;0;0;0;0;0;;;1;15
4.2;0;1;0;0;0;0;0;0;0;0;;;1;16
4.2;0;1;0;0;0;0;0;0;0;0;;;1;17
4.2;0;1;0;0;0;0;0;0;0;0;;;1;18
4.2;0;1;0;0;0;0;0;0;0;0;;;1;19
4.2;1;1;0;0;0;0;0;0;0;0;;;1;20
4.2;1;2;0;0;0;0;0;0;0;0;;;1;21
4.2;1;2;0;0;0;0;0;0;0;0;;;1;22
4.2;1;2;0;0;0;0;0;0;0;0;;;1;23
4.2;1;2;0;0;0;0;0;0;0;0;;;1;24
4.2;1;2;0;0;0;0;0;0;0;0;;;1;25
4.2;1;2;0;0;0;0;0;0;0;0;;;1;26
4.2;1;2;0;0;0;0;0;0;0;0;;;1;27
4.2;1;2;0;0;0;0;0;0;0;0;;;1;28
4.2;1;2;0;0;0;0;0;0;0;0;;;1;29
4.2;1;2;0;0;0;0;0;0;0;0;;;1;30
4.2;1;2;0;0;0;0;0;0;0;0;;;1;31
4.2;1;2;0;0;0;0;0;0;0;0;;;1;32
4.2;1;2;0;0;0;0;0;0;0;0;;;1;33
4.2;1;2;0;0;0;0;0;0;0;0;;;1;34
4.2;1;2;0;0;0;0;0;0;0;0;;;1;35
4.2;1;2;0;0;0;0;0;0;0;0;;;1;36
4.2;1;3;0;0;0;0;0;0;0;0;;;1;37
4.2;1;3;0;0;0;0;0;0;0;0;;;1;38
4.2;1;3;0;0;0;0;0;0;0;0;;;1;39
4.2;1;4;0;0;0;0;0;0;0;0;;;1;40
4.2;1;4;0;0;0;0;0;0;0;0;;;1;41
4.2;1;4;0;0;0;0;0;0;0;0;;;1;42
4.2;1;4;0;0;0;0;0;0;0;0;;;1;43
4.2;1;4;0;0;0;0;0;0;0;0;;;1;44
4.2;1;4;0;0;0;0;0;0;0;0;;;1;45
4.2;1;4;0;0;0;0;0;0;0;0;;;1;46
4.2;1;4;0;0;0;0;0;0;0;0;;;1;47
4.2;1;4;0;0;0;0;0;0;0;0;;;1;48
4.2;2;4;0;0;0;0;0;0;0;0;;;1;49
4.2;2;4;0;0;0;0;0;0;0;0;;;1;50
4.2;2;4;0;0;0;0;0;0;0;0;;;1;51
4.2;2;4;0;0;0;0;0;0;0;0;;;1;52
4.2;2;4;0;0;0;0;0;0;0;0;;;1;53
4.2;2;4;0;0;0;0;0;0;0;0;;;1;54
4.2;2;4;0;0;0;0;0;0;0;0;;;1;55
4.2;2;4;0;0;0;0;0;0;0;0;;;1;56
4.2;2;4;0;0;0;0;0;0;0;0;;;1;57
4.2;2;4;0;0;0;0;0;0;0;0;;;1;58
4.2;2;4;0;0;0;0;0;0;0;0;;;1;59
4.2;2;4;0;0;0;0;0;0;0;0;;;1;60
4.2;2;4;0;0;0;0;0;0;0;0;;;1;61
4.2;2;4;0;0;0;0;0;0;0;0;;;1;62
4.2;2;4;0;0;0;0;0;0;0;0;;;1;63
4.2;2;4;0;0;0;0;0;0;0;0;;;1;64
4.2;2;4;0;0;0;0;0;0;0;0;;;1;65
4.2;2;4;0;0;0;0;0;0;0;0;;;1;66
4.2;2;4;0;0;0;0;0;0;0;0;;;1;67
4.2;2;4;0;0;0;0;0;0;0;0;;;1;68
4.2;2;4;0;0;0;0;0;0;0;0;;;1;69
4.2;2;4;0;0;0;0;0;0;0;0;;;1;70
4.2;2;4;0;0;0;0;0;0;0;0;;;1;71
4.2;2;4;0;0;0;0;0;0;0;0;;;1;72
4.2;2;4;0;0;0;0;0;0;0;0;;;1;73
4.2;2;4;0;0;0;0;0;0;0;0;;;1;74
4.2;2;4;0;0;0;0;0;0;0;0;;;1;75
4.2;2;4;0;0;0;0;0;0;0;0;;;1;76
4.2;2;4;0;0;0;0;0;0;0;0;;;1;77
4.2;2;4;0;0;0;0;0;0;0;0;;;1;78
4.2;2;4;0;0;0;0;0;0;0;0;;;1;79
4.2;2;4;0;0;0;0;0;0;0;0;;;1;80
4.2;2;4;0;0;0;0;0;0;0;0;;;1;81
4.2;2;4;0;0;0;0;0;0;0;0;;;1;82
4.2;2;4;0;0;0;0;0;0;0;0;;;1;83
4.2;2;4;0;0;0;0;0;0;0;0;;;1;84
4.2;2;4;0;0;0;0;0;0;0;0;;;1;85
4.2;2;4;0;0;0;0;0;0;0;0;;;1;86
4.2;2;4;0;0;0;0;0;0;0;0;;;1;87
4.2;2;4;0;0;0;0;0;0;0;0;;;1;88
4.2;2;4;0;0;0;0;0;0;0;0;;;1;89
4.2;2;6;0;0;0;1;0;1;0;0.0;4.2;;1;90
4.2;2;6;0;0;0;1;0;1;0;0.0;4.2;;1;91
4.2;2;6;0;0;0;1;0;1;0;0.0;4.2;;1;92
4.2;2;6;0;0;0;1;0;1;0;0.0;4.2;;1;93
4.2;2;6;0;0;0;1;0;1;0;0.0;4.2;;1;94
4.2;2;6;0;0;0;1;0;1;0;0.0;4.2;;1;95
4.2;2;6;0;0;0;1;0;1;0;0.0;4.2;;1;96
4.2;2;6;0;0;0;1;0;1;0;0.0;4.2;;1;97
4.2;2;6;0;0;0;1;0;1;0;0.0;4.2;;1;98
4.2;2;6;0;0;0;1;0;1;0;0.0;4.2;;1;99
4.2;2;6;0;0;0;1;0;1;0;0.0;4.2;;1;100
4.2;2;6;0;0;0;1;0;1;0;0.0;4.2;;1;101
4.2;3;6;0;0;0;1;0;1;0;0.0;4.2;;1;102
4.2;3;6;0;0;0;1;0;1;0;0.0;4.2;;1;103
4.2;3;6;0;0;0;1;0;1;0;0.0;4.2;;1;104
4.2;3;7;0;0;0;1;0;1;0;0.0;4.2;;1;105
4.2;3;7;0;0;0;1;0;1;0;0.0;4.2;;1;106
4.2;3;7;0;0;0;1;0;1;0;0.0;4.2;;1;107
4.2;3;8;0;0;0;1;0;1;0;0.0;4.2;;1;108
4.2;3;8;0;0;0;1;0;1;0;0.0;4.2;;1;109
4.2;3;8;0;0;0;1;0;1;0;0.0;4.2;;1;110
4.2;3;8;0;0;0;1;0;1;0;0.0;4.2;;1;111
4.2;3;8;0;0;0;1;0;1;0;0.0;4.2;;1;112
4.2;3;8;0;0;0;1;0;1;0;0.0;4.2;;1;113
4.2;3;8;0;0;0;1;0;1;0;0.0;4.2;;1;114
4.2;4;8;0;0;0;1;0;1;0;0.0;4.2;;1;115
4.2;4;8;0;0;0;1;0;1;0;0.0;4.2;;1;116
4.2;4;8;0;0;0;1;0;1;0;0.0;4.2;;1;117
4.2;4;8;0;0;0;1;0;1;0;0.0;4.2;;1;118
4.2;4;8;0;0;0;1;0;1;0;0.0;4.2;;1;119
4.2;4;8;0;0;0;1;0;1;0;0.0;4.2;;1;120
4.2;4;8;0;0;0;1;0;1;0;0.0;4.2;;1;121
4.2;4;8;0;0;0;1;0;1;0;0.0;4.2;;1;122
4.2;4;8;0;0;0;1;0;1;0;0.0;4.2;;1;123
4.2;4;8;0;0;0;1;0;1;0;0.0;4.2;;1;124
4.2;4;8;0;0;0;1;0;1;0;0.0;4.2;;1;125
4.2;4;8;0;0;0;1;0;1;0;0.0;4.2;;1;126
4.2;4;8;0;0;0;1;0;1;0;0.0;4.2;;1;127
4.2;4;8;0;0;0;1;0;1;0;0.0;4.2;;1;128
4.2;4;8;0;0;0;1;0;1;0;0.0;4.2;;1;129
4.2;4;8;0;0;0;1;0;1;0;0.0;4.2;;1;130
4.2;4;8;0;0;0;1;0;1;0;0.0;4.2;;1;131
4.2;4;8;0;0;0;1;0;1;0;0.0;4.2;;1;132
4.2;4;8;0;0;0;1;0;1;0;0.0;4.2;;1;133
4.2;4;8;0;0;0;1;0;1;0;0.0;4.2;;1;134
4.2;4;8;0;0;0;1;0;1;0;0.0;4.2;;1;135
4.2;4;8;0;0;0;1;0;1;0;0.0;4.2;;1;136
4.2;4;8;0;0;0;1;0;1;0;0.0;4.2;;1;137
4.2;4;8;0;0;0;1;0;1;0;0.0;4.2;;1;138
4.2;4;8;0;0;0;1;0;1;0;0.0;4.2;;1;139
4.2;4;8;0;0;0;1;0;1;0;0.0;4.2;;1;140
4.2;4;8;0;0;0;1;0;1;0;0.0;4.2;;1;141
4.2;4;8;0;0;0;1;0;1;0;0.0;4.2;;1;142
4.2;4;8;0;0;0;1;0;1;0;0.0;4.2;;1;143
4.2;4;8;0;0;0;1;0;1;0;0.0;4.2;;1;144
4.2;4;8;0;0;0;1;0;1;0;0.0;4.2;;1;145
4.2;4;8;0;0;0;1;0;1;0;0.0;4.2;;1;146
4.2;4;8;0;0;0;1;0;1;0;0.0;4.2;;1;147
4.2;4;8;0;0;0;1;0;1;0;0.0;4.2;;1;148
4.2;4;8;0;0;0;1;0;1;0;0.0;4.2;;1;149
4.2;4;8;0;0;0;1;0;1;0;0.0;4.2;;1;150
4.2;4;8;0;0;0;1;0;1;0;0.0;4.2;;1;151
4.2;4;8;0;0;0;1;0;1;0;0.0;4.2;;1;152
4.2;4;9;0;0;0;1;0;1;0;0.0;4.2;;1;153
4.2;4;10;0;0;0;1;0;1;0;0.0;4.2;;1;154
4.2;4;10;0;0;0;1;0;1;0;0.0;4.2;;1;155
4.2;4;10;0;0;0;1;0;1;0;0.0;4.2;;1;156
4.2;4;10;0;0;0;1;0;1;0;0.0;4.2;;1;157
4.2;4;10;0;0;0;1;0;1;0;0.0;4.2;;1;158
4.2;4;10;0;0;0;1;0;1;0;0.0;4.2;;1;159
4.2;4;10;0;0;0;1;0;1;0;0.0;4.2;;1;160
4.2;4;10;0;0;0;1;0;1;0;0.0;4.2;;1;161
4.2;4;10;0;0;0;1;0;1;0;0.0;4.2;;1;162
4.2;4;10;0;0;0;1;0;1;0;0.0;4.2;;1;163
4.2;4;10;0;0;0;1;0;1;0;0.0;4.2;;1;164
4.2;4;10;0;0;0;1;0;1;0;0.0;4.2;;1;165
4.2;4;10;0;0;0;1;0;1;0;0.0;4.2;;1;166
4.2;4;11;0;0;0;1;0;1;0;0.0;4.2;;1;167
4.2;4;11;0;0;0;1;0;1;0;0.0;4.2;;1;168
4.2;4;11;0;0;0;1;0;1;0;0.0;4.2;;1;169
4.2;4;11;0;0;0;1;0;1;0;0.0;4.2;;1;170
4.2;4;11;0;0;0;1;0;1;0;0.0;4.2;;1;171
4.2;4;11;0;0;0;1;0;1;0;0.0;4.2;;1;172
4.2;4;11;0;0;0;1;0;1;0;0.0;4.2;;1;173
4.2;4;11;0;0;0;1;0;1;0;0.0;4.2;;1;174
4.2;4;11;0;0;0;1;0;1;0;0.0;4.2;;1;175
4.2;4;11;0;0;0;1;0;1;0;0.0;4.2;;1;176
4.2;4;11;0;0;0;1;0;1;0;0.0;4.2;;1;177
4.2;4;11;0;0;0;1;0;1;0;0.0;4.2;;1;178
4.2;4;11;0;0;0;1;0;1;0;0.0;4.2;;1;179
4.2;4;11;0;0;0;1;0;1;0;0.0;4.2;;1;180
4.2;4;12;0;0;0;1;0;1;0;0.0;4.2;;1;181
4.2;4;12;0;0;0;1;0;1;0;0.0;4.2;;1;182
4.2;4;12;0;0;0;1;0;1;0;0.0;4.2;;1;183
4.2;4;12;0;0;0;1;0;1;0;0.0;4.2;;1;184
4.2;4;12;0;0;0;1;0;1;0;0.0;4.2;;1;185
4.2;4;13;0;0;0;1;0;1;0;0.0;4.2;;1;186
4.2;4;13;0;0;0;1;0;1;0;0.0;4.2;;1;187
4.2;4;13;0;0;0;1;0;1;0;0.0;4.2;;1;188
4.2;4;13;0;0;0;1;0;1;0;0.0;4.2;;1;189
4.2;4;13;0;0;0;1;0;1;0;0.0;4.2;;1;190
4.2;4;13;0;0;0;1;0;1;0;0.0;4.2;;1;191
4.2;4;13;0;0;0;1;0;1;0;0.0;4.2;;1;192
4.2;4;13;0;0;0;1;0;1;0;0.0;4.2;;1;193
4.2;4;13;0;0;0;1;0;1;0;0.0;4.2;;1;194
4.2;5;13;0;0;0;1;0;1;0;0.0;4.2;;1;195
4.2;5;13;0;0;0;1;0;1;0;0.0;4.2;;1;196
4.2;5;13;0;0;0;1;0;1;0;0.0;4.2;;1;197
4.2;5;13;0;0;0;1;0;1;0;0.0;4.2;;1;198
4.2;5;13;0;0;0;1;0;1;0;0.0;4.2;;1;199
4.2;5;13;0;0;0;1;0;1;0;0.0;4.2;;1;200
4.2;5;13;0;0;0;1;0;1;0;0.0;4.2;;1;201
4.2;5;13;0;0;0;1;0;1;0;0.0;4.2;;1;202
4.2;5;13;0;0;0;1;0;1;0;0.0;4.2;;1;203
4.2;5;13;0;0;0;1;0;1;0;0.0;4.2;;1;204
4.2;5;13;0;0;0;1;0;1;0;0.0;4.2;;1;205
4.2;5;13;0;0;0;1;0;1;0;0.0;4.2;;1;206
4.2;5;13;0;0;0;1;0;1;0;0.0;4.2;;1;207
4.2;5;13;0;0;0;1;0;1;0;0.0;4.2;;1;208
4.2;5;13;0;0;0;1;0;1;0;0.0;4.2;;1;209
4.2;5;13;0;0;0;1;0;1;0;0.0;4.2;;1;210
4.2;5;13;0;0;0;1;0;1;0;0.0;4.2;;1;211
4.2;5;13;0;0;0;1;0;1;0;0.0;4.2;;1;212
4.2;5;13;0;0;0;1;0;1;0;0.0;4.2;;1;213
4.2;5;13;0;0;0;1;0;1;0;0.0;4.2;;1;214
4.2;5;13;0;0;0;1;0;1;0;0.0;4.2;;1;215
4.2;5;13;0;0;0;1;0;1;0;0.0;4.2;;1;216
4.2;5;13;0;0;0;1;0;1;0;0.0;4.2;;1;217
4.2;5;13;0;0;0;1;0;1;0;0.0;4.2;;1;218
4.2;5;13;0;0;0;1;0;1;0;0.0;4.2;;1;219
4.2;5;13;0;0;0;1;0;1;0;0.0;4.2;;1;220
4.2;5;13;0;0;0;1;0;1;0;0.0;4.2;;1;221
4.2;5;13;0;0;0;1;0;1;0;0.0;4.2;;1;222
4.2;5;13;0;0;0;1;0;1;0;0.0;4.2;;1;223
4.2;5;13;0;0;0;1;0;1;0;0.0;4.2;;1;224
4.2;5;13;0;0;0;1;0;1;0;0.0;4.2;;1;225
4.2;5;13;0;0;0;1;0;1;0;0.0;4.2;;1;226
4.2;5;13;0;0;0;1;0;1;0;0.0;4.2;;1;227
4.2;5;13;0;0;0;1;0;1;0;0.0;4.2;;1;228
4.2;5;13;0;0;0;1;0;1;0;0.0;4.2;;1;229
4.2;5;13;0;0;0;1;0;1;0;0.0;4.2;;1;230
4.2;5;13;0;0;0;1;0;1;0;0.0;4.2;;1;231
4.2;5;13;0;0;0;1;0;1;0;0.0;4.2;;1;232
4.2;5;13;0;0;0;1;0;1;0;0.0;4.2;;1;233
4.2;5;13;0;0;0;1;0;1;0;0.0;4.2;;1;234
4.2;5;13;0;0;0;1;0;1;0;0.0;4.2;;1;235
4.2;5;14;0;0;0;1;1;2;0;0.0;3.9;;1;236
4.2;5;14;0;0;0;1;1;2;0;0.0;3.9;;1;237
4.2;6;14;0;0;0;1;1;2;0;0.0;3.9;;1;238
4.2;6;14;0;0;0;1;1;2;0;0.0;3.9;;1;239
4.2;6;14;0;0;0;1;1;2;0;0.0;3.9;;1;240
4.2;6;14;0;0;0;1;1;2;0;0.0;3.9;;1;241
4.2;6;14;0;0;0;1;1;2;0;0.0;3.9;;1;242
4.2;6;14;0;0;0;1;1;2;0;0.0;3.9;;1;243
4.2;6;14;0;0;0;1;1;2;0;0.0;3.9;;1;244
4.2;6;14;0;0;0;1;1;2;0;0.0;3.9;;1;245
4.2;6;14;0;0;0;1;1;2;0;0.0;3.9;;1;246
4.2;6;14;0;0;0;1;1;2;0;0.0;3.9;;1;247
4.2;6;14;0;0;0;1;1;2;0;0.0;3.9;;1;248
4.2;6;14;0;0;0;1;1;2;0;0.0;3.9;;1;249
4.2;6;15;0;0;0;1;1;2;0;0.0;3.9;;1;250
4.2;6;15;0;0;0;1;1;2;0;0.0;3.9;;1;251
4.2;6;15;0;0;0;1;1;2;0;0.0;3.9;;1;252
4.2;6;16;0;0;0;1;1;2;0;0.0;3.9;;1;253
4.2;6;16;0;0;0;1;1;2;0;0.0;3.9;;1;254
4.2;6;16;0;0;0;1;1;2;0;0.0;3.9;;1;255
4.2;6;16;0;0;0;1;1;2;0;0.0;3.9;;1;256
4.2;6;16;0;0;0;1;1;2;0;0.0;3.9;;1;257
4.2;6;16;0;0;0;1;1;2;0;0.0;3.9;;1;258
4.2;7;16;0;0;0;1;1;2;0;0.0;3.9;;1;259
4.2;7;16;0;0;0;1;1;2;0;0.0;3.9;;1;260
4.2;7;16;0;0;0;1;1;2;0;0.0;3.9;;1;261
4.2;7;16;0;0;0;1;1;2;0;0.0;3.9;;1;262
4.2;7;16;0;0;0;1;1;2;0;0.0;3.9;;1;263
4.2;7;16;0;0;0;1;1;2;0;0.0;3.9;;1;264
4.2;7;16;0;0;0;1;1;2;0;0.0;3.9;;1;265
4.2;7;16;0;0;0;1;1;2;0;0.0;3.9;;1;266
4.2;7;16;0;0;0;1;1;2;0;0.0;3.9;;1;267
4.2;7;16;0;0;0;1;1;2;0;0.0;3.9;;1;268
4.2;7;16;0;0;0;1;1;2;0;0.0;3.9;;1;269
4.2;7;16;0;0;0;1;1;2;0;0.0;3.9;;1;270
4.2;7;16;0;0;0;1;1;2;0;0.0;3.9;;1;271
4.2;7;16;0;0;0;1;1;2;0;0.0;3.9;;1;272
4.2;7;16;0;0;0;1;1;2;0;0.0;3.9;;1;273
4.2;7;16;0;0;0;1;1;2;0;0.0;3.9;;1;274
4.2;7;16;0;0;0;1;1;2;0;0.0;3.9;;1;275
4.2;7;16;0;0;0;1;1;2;0;0.0;3.9;;1;276
4.2;7;16;0;0;0;1;1;2;0;0.0;3.9;;1;277
4.2;7;16;0;0;0;1;1;2;0;0.0;3.9;;1;278
4.2;7;16;0;0;0;1;1;2;0;0.0;3.9;;1;279
4.2;7;16;0;0;0;1;1;2;0;0.0;3.9;;1;280
4.2;7;16;0;0;0;1;1;2;0;0.0;3.9;;1;281
4.2;7;16;0;0;0;1;1;2;0;0.0;3.9;;1;282
4.2;7;16;0;0;0;1;1;2;0;0.0;3.9;;1;283
4.2;7;16;0;0;0;1;1;2;0;0.0;3.9;;1;284
4.2;7;16;0;0;0;1;1;2;0;0.0;3.9;;1;285
4.2;7;16;0;0;0;1;1;2;0;0.0;3.9;;1;286
4.2;7;16;0;0;0;1;1;2;0;0.0;3.9;;1;287
4.2;7;16;0;0;0;1;1;2;0;0.0;3.9;;1;288
4.2;7;16;0;0;0;1;1;2;0;0.0;3.9;;1;289
4.2;7;16;0;0;0;1;1;2;0;0.0;3.9;;1;290
4.2;7;16;0;0;0;1;1;2;0;0.0;3.9;;1;291
4.2;7;16;0;0;0;1;1;2;0;0.0;3.9;;1;292
4.2;7;17;0;0;0;1;1;2;0;0.0;3.9;;1;293
4.2;7;18;0;0;0;1;1;2;0;0.0;3.9;;1;294
4.2;7;18;0;0;0;1;1;2;0;0.0;3.9;;1;295
4.2;7;18;0;0;0;1;1;2;0;0.0;3.9;;1;296
4.2;7;18;0;0;0;1;1;2;0;0.0;3.9;;1;297
4.2;7;18;0;0;0;1;1;2;0;0.0;3.9;;1;298
4.2;7;18;0;0;0;1;1;2;0;0.0;3.9;;1;299
4.2;7;18;0;0;0;1;1;2;0;0.0;3.9;;1;300
4.2;7;18;0;0;0;1;1;2;0;0.0;3.9;;1;301
4.2;7;18;0;0;0;1;1;2;0;0.0;3.9;;1;302
4.2;7;18;0;0;0;1;1;2;0;0.0;3.9;;1;303
4.2;7;18;0;0;0;1;1;2;0;0.0;3.9;;1;304
4.2;7;18;0;0;0;1;1;2;0;0.0;3.9;;1;305
4.2;7;18;0;0;0;1;1;2;0;0.0;3.9;;1;306
4.2;7;18;0;0;0;1;1;2;0;0.0;3.9;;1;307
4.2;7;18;0;0;0;1;1;2;0;0.0;3.9;;1;308
4.2;7;18;0;0;0;1;1;2;0;0.0;3.9;;1;309
4.2;7;18;0;0;0;1;1;2;0;0.0;3.9;;1;310
4.2;7;18;0;0;0;1;1;2;0;0.0;3.9;;1;311
4.2;7;18;0;0;0;1;1;2;0;0.0;3.9;;1;312
4.2;7;19;0;0;0;1;1;2;0;0.0;3.9;;1;313
4.2;7;19;0;0;0;1;1;2;0;0.0;3.9;;1;314
4.2;7;19;0;0;0;1;1;2;0;0.0;3.9;;1;315
4.2;7;19;0;0;0;1;1;2;0;0.0;3.9;;1;316
4.2;7;19;0;0;0;1;1;2;0;0.0;3.9;;1;317
4.2;7;19;0;0;0;1;1;2;0;0.0;3.9;;1;318
4.2;7;19;0;0;0;1;1;2;0;0.0;3.9;;1;319
4.2;7;19;0;0;0;1;1;2;0;0.0;3.9;;1;320
4.2;7;19;0;0;0;1;1;2;0;0.0;3.9;;1;321
4.2;7;19;0;0;0;1;1;2;0;0.0;3.9;;1;322
4.2;7;19;0;0;0;1;1;2;0;0.0;3.9;;1;323
4.2;7;19;0;0;0;1;1;2;0;0.0;3.9;;1;324
4.2;7;19;0;0;0;1;1;2;0;0.0;3.9;;1;325
4.2;7;19;0;0;0;1;1;2;0;0.0;3.9;;1;326
4.2;7;19;0;0;0;1;1;2;0;0.0;3.9;;1;327
4.2;7;19;0;0;0;1;1;2;0;0.0;3.9;;1;328
4.2;7;19;0;0;0;1;1;2;0;0.0;3.9;;1;329
4.2;7;20;0;0;0;1;1;2;0;0.0;3.9;;1;330
4.2;7;20;0;0;0;1;1;2;0;0.0;3.9;;1;331
4.2;7;20;0;0;0;1;1;2;0;0.0;3.9;;1;332
4.2;7;21;0;0;0;1;1;2;0;0.0;3.9;;1;333
4.2;7;21;0;0;0;1;1;2;0;0.0;3.9;;1;334
4.2;7;21;0;0;0;1;1;2;0;0.0;3.9;;1;335
4.2;7;21;0;0;0;1;1;2;0;0.0;3.9;;1;336
4.2;7;21;0;0;0;1;1;2;0;0.0;3.9;;1;337
4.2;7;21;0;0;0;1;1;2;0;0.0;3.9;;1;338
4.2;7;21;0;0;0;1;1;2;0;0.0;3.9;;1;339
4.2;7;21;0;0;0;1;1;2;0;0.0;3.9;;1;340
4.2;7;21;0;0;0;1;1;2;0;0.0;3.9;;1;341
4.2;8;21;0;0;0;1;1;2;0;0.0;3.9;;1;342
4.2;8;21;0;0;0;1;1;2;0;0.0;3.9;;1;343
4.2;8;21;0;0;0;1;1;2;0;0.0;3.9;;1;344
4.2;8;21;0;0;0;1;1;2;0;0.0;3.9;;1;345
4.2;8;21;0;0;0;1;1;2;0;0.0;3.9;;1;346
4.2;8;21;0;0;0;1;1;2;0;0.0;3.9;;1;347
4.2;8;21;0;0;0;1;1;2;0;0.0;3.9;;1;348
4.2;8;21;0;0;0;1;1;2;0;0.0;3.9;;1;349
4.2;8;21;0;0;0;1;1;2;0;0.0;3.9;;1;350
4.2;8;21;0;0;0;1;1;2;0;0.0;3.9;;1;351
4.2;8;21;0;0;0;1;1;2;0;0.0;3.9;;1;352
4.2;8;21;0;0;0;1;1;2;0;0.0;3.9;;1;353
4.2;8;21;0;0;0;1;1;2;0;0.0;3.9;;1;354
4.2;8;21;0;0;0;1;1;2;0;0.0;3.9;;1;355
4.2;8;21;0;0;0;1;1;2;0;0.0;3.9;;1;356
4.2;8;21;0;0;0;1;1;2;0;0.0;3.9;;1;357
4.2;8;21;0;0;0;1;1;2;0;0.0;3.9;;1;358
4.2;8;21;0;0;0;1;1;2;0;0.0;3.9;;1;359
4.2;8;21;0;0;0;1;1;2;0;0.0;3.9;;1;360
4.2;8;21;0;0;0;1;1;2;0;0.0;3.9;;1;361
4.2;8;21;0;0;0;1;1;2;0;0.0;3.9;;1;362
4.2;8;21;0;0;0;1;1;2;0;0.0;3.9;;1;363
4.2;8;21;0;0;0;1;1;2;0;0.0;3.9;;1;364
4.2;8;21;0;0;0;1;1;2;0;0.0;3.9;;1;365
4.2;8;21;0;0;0;1;1;2;0;0.0;3.9;;1;366
4.2;8;21;0;0;0;1;1;2;0;0.0;3.9;;1;367
4.2;8;21;0;0;0;1;1;2;0;0.0;3.9;;1;368
4.2;8;21;0;0;0;1;1;2;0;0.0;3.9;;1;369
4.2;8;21;0;0;0;1;1;2;0;0.0;3.9;;1;370
4.2;8;21;0;0;0;1;1;2;0;0.0;3.9;;1;371
4.2;8;21;0;0;0;1;1;2;0;0.0;3.9;;1;372
4.2;8;21;0;0;0;1;1;2;0;0.0;3.9;;1;373
4.2;8;21;0;0;0;1;1;2;0;0.0;3.9;;1;374
4.2;8;21;0;0;0;1;1;2;0;0.0;3.9;;1;375
4.2;8;21;0;0;0;1;1;2;0;0.0;3.9;;1;376
4.2;8;21;0;0;0;1;1;2;0;0.0;3.9;;1;377
4.2;8;21;0;0;0;1;1;2;0;0.0;3.9;;1;378
4.2;8;21;0;0;0;1;1;2;0;0.0;3.9;;1;379
4.2;8;21;0;0;0;1;1;2;0;0.0;3.9;;1;380
4.2;8;21;0;0;0;1;1;2;0;0.0;3.9;;1;381
4.2;8;23;0;0;0;2;1;3;0;0.0;4.5;;1;382
4.2;8;23;0;0;0;2;1;3;0;0.0;4.5;;1;383
4.2;8;23;0;0;0;2;1;3;0;0.0;4.5;;1;384
4.2;8;23;0;0;0;2;1;3;0;0.0;4.5;;1;385
4.2;8;23;0;0;0;2;1;3;0;0.0;4.5;;1;386
4.2;8;23;0;0;0;2;1;3;0;0.0;4.5;;1;387
4.2;8;23;0;0;0;2;1;3;0;0.0;4.5;;1;388
4.2;8;23;0;0;0;2;1;3;0;0.0;4.5;;1;389
4.2;8;23;0;0;0;2;1;3;0;0.0;4.5;;1;390
4.2;8;23;0;0;0;2;1;3;0;0.0;4.5;;1;391
4.2;8;23;0;0;0;2;1;3;0;0.0;4.5;;1;392
4.2;8;23;0;0;0;2;1;3;0;0.0;4.5;;1;393
4.2;8;23;0;0;0;2;1;3;0;0.0;4.5;;1;394
4.2;8;23;0;0;0;2;1;3;0;0.0;4.5;;1;395
4.2;8;23;0;0;0;2;1;3;0;0.0;4.5;;1;396
4.2;8;24;0;0;0;2;1;3;0;0.0;4.5;;1;397
4.2;8;24;0;0;0;2;1;3;0;0.0;4.5;;1;398
4.2;8;24;0;0;0;2;1;3;0;0.0;4.5;;1;399
4.2;8;25;0;0;0;2;1;3;0;0.0;4.5;;1;400
4.2;8;25;0;0;0;2;1;3;0;0.0;4.5;;1;401
4.2;8;25;0;0;0;2;1;3;0;0.0;4.5;;1;402
4.2;8;25;0;0;0;2;1;3;0;0.0;4.5;;1;403
4.2;8;25;0;0;0;2;1;3;0;0.0;4.5;;1;404
4.2;8;25;0;0;0;2;1;3;0;0.0;4.5;;1;405
4.2;8;25;0;0;0;2;1;3;0;0.0;4.5;;1;406
4.2;8;25;0;0;0;2;1;3;0;0.0;4.5;;1;407
4.2;8;25;0;0;0;2;1;3;0;0.0;4.5;;1;408
4.2;9;25;0;0;0;2;1;3;0;0.0;4.5;;1;409
4.2;9;25;0;0;0;2;1;3;0;0.0;4.5;;1;410
4.2;9;25;0;0;0;2;1;3;0;0.0;4.5;;1;411
4.2;9;25;0;0;0;2;1;3;0;0.0;4.5;;1;412
4.2;9;25;0;0;0;2;1;3;0;0.0;4.5;;1;413
4.2;9;25;0;0;0;2;1;3;0;0.0;4.5;;1;414
4.2;9;25;0;0;0;2;1;3;0;0.0;4.5;;1;415
4.2;9;25;0;0;0;2;1;3;0;0.0;4.5;;1;416
4.2;9;25;0;0;0;2;1;3;0;0.0;4.5;;1;417
4.2;9;25;0;0;0;2;1;3;0;0.0;4.5;;1;418
4.2;9;25;0;0;0;2;1;3;0;0.0;4.5;;1;419
4.2;9;25;0;0;0;2;1;3;0;0.0;4.5;;1;420
4.2;9;25;0;0;0;2;1;3;0;0.0;4.5;;1;421
4.2;9;25;0;0;0;2;1;3;0;0.0;4.5;;1;422
4.2;9;25;0;0;0;2;1;3;0;0.0;4.5;;1;423
4.2;9;25;0;0;0;2;1;3;0;0.0;4.5;;1;424
4.2;9;25;0;0;0;2;1;3;0;0.0;4.5;;1;425
4.2;9;25;0;0;0;2;1;3;0;0.0;4.5;;1;426
4.2;9;25;0;0;0;2;1;3;0;0.0;4.5;;1;427
4.2;9;25;0;0;0;2;1;3;0;0.0;4.5;;1;428
4.2;9;25;0;0;0;2;1;3;0;0.0;4.5;;1;429
4.2;9;25;0;0;0;2;1;3;0;0.0;4.5;;1;430
4.2;9;25;0;0;0;2;1;3;0;0.0;4.5;;1;431
4.2;9;25;0;0;0;2;1;3;0;0.0;4.5;;1;432
4.2;9;25;0;0;0;2;1;3;0;0.0;4.5;;1;433
4.2;9;25;0;0;0;2;1;3;0;0.0;4.5;;1;434
4.2;9;25;0;0;0;2;1;3;0;0.0;4.5;;1;435
4.2;9;25;0;0;0;2;1;3;0;0.0;4.5;;1;436
4.2;9;25;0;0;0;2;1;3;0;0.0;4.5;;1;437
4.2;9;25;0;0;0;2;1;3;0;0.0;4.5;;1;438
4.2;9;25;0;0;0;2;1;3;0;0.0;4.5;;1;439
4.2;9;25;0;0;0;2;1;3;0;0.0;4.5;;1;440
4.2;9;25;0;0;0;2;1;3;0;0.0;4.5;;1;441
4.2;9;25;0;0;0;2;1;3;0;0.0;4.5;;1;442
4.2;9;25;0;0;0;2;1;3;0;0.0;4.5;;1;443
4.2;9;25;0;0;0;2;1;3;0;0.0;4.5;;1;444
4.2;9;25;0;0;0;2;1;3;0;0.0;4.5;;1;445
4.2;9;25;0;0;0;2;1;3;0;0.0;4.5;;1;446
4.2;9;25;0;0;0;2;1;3;0;0.0;4.5;;1;447
4.2;9;26;0;0;0;2;1;3;0;0.0;4.5;;1;448
4.2;9;26;0;0;0;2;1;3;0;0.0;4.5;;1;449
4.2;9;26;0;0;0;2;1;3;0;0.0;4.5;;1;450
4.2;9;26;0;0;0;2;1;3;0;0.0;4.5;;1;451
4.2;9;26;0;0;0;2;1;3;0;0.0;4.5;;1;452
4.2;9;26;0;0;0;2;1;3;0;0.0;4.5;;1;453
4.2;9;26;0;0;0;2;1;3;0;0.0;4.5;;1;454
4.2;9;26;0;0;0;2;1;3;0;0.0;4.5;;1;455
4.2;9;26;0;0;0;2;1;3;0;0.0;4.5;;1;456
4.2;9;26;0;0;0;2;1;3;0;0.0;4.5;;1;457
4.2;9;26;0;0;0;2;1;3;0;0.0;4.5;;1;458
4.2;9;26;0;0;0;2;1;3;0;0.0;4.5;;1;459
4.2;9;26;0;0;0;2;1;3;0;0.0;4.5;;1;460
4.2;9;26;0;0;0;2;1;3;0;0.0;4.5;;1;461
4.2;9;26;0;0;0;2;1;3;0;0.0;4.5;;1;462
4.2;9;26;0;0;0;2;1;3;0;0.0;4.5;;1;463
4.2;9;26;0;0;0;2;1;3;0;0.0;4.5;;1;464
4.2;9;26;0;0;0;2;1;3;0;0.0;4.5;;1;465
4.2;9;26;0;0;0;2;1;3;0;0.0;4.5;;1;466
4.2;9;26;0;0;0;2;1;3;0;0.0;4.5;;1;467
4.2;9;26;0;0;0;2;1;3;0;0.0;4.5;;1;468
4.2;9;27;0;0;0;2;1;3;0;0.0;4.5;;1;469
4.2;9;27;0;0;0;2;1;3;0;0.0;4.5;;1;470
4.2;9;27;0;0;0;2;1;3;0;0.0;4.5;;1;471
4.2;9;27;0;0;0;2;1;3;0;0.0;4.5;;1;472
4.2;9;28;0;0;0;2;1;3;0;0.0;4.5;;1;473
4.2;9;28;0;0;0;2;1;3;0;0.0;4.5;;1;474
4.2;9;28;0;0;0;2;1;3;0;0.0;4.5;;1;475
4.2;9;28;0;0;0;2;1;3;0;0.0;4.5;;1;476
4.2;9;28;0;0;0;2;1;3;0;0.0;4.5;;1;477
4.2;9;28;0;0;0;2;1;3;0;0.0;4.5;;1;478
4.2;9;28;0;0;0;2;1;3;0;0.0;4.5;;1;479
4.2;9;28;0;0;0;2;1;3;0;0.0;4.5;;1;480
4.2;9;28;0;0;0;2;1;3;0;0.0;4.5;;1;481
4.2;9;28;0;0;0;2;1;3;0;0.0;4.5;;1;482
4.2;9;28;0;0;0;2;1;3;0;0.0;4.5;;1;483
4.2;9;28;0;0;0;2;1;3;0;0.0;4.5;;1;484
4.2;9;28;0;0;0;2;1;3;0;0.0;4.5;;1;485
4.2;9;28;0;0;0;2;1;3;0;0.0;4.5;;1;486
4.2;9;28;0;0;0;2;1;3;0;0.0;4.5;;1;487
4.2;9;28;0;0;0;2;1;3;0;0.0;4.5;;1;488
4.2;9;28;0;0;0;2;1;3;0;0.0;4.5;;1;489
4.2;9;28;0;0;0;2;1;3;0;0.0;4.5;;1;490
4.2;9;28;0;0;0;2;1;3;0;0.0;4.5;;1;491
4.2;9;28;0;0;0;2;1;3;0;0.0;4.5;;1;492
4.2;9;28;0;0;0;2;1;3;0;0.0;4.5;;1;493
4.2;9;28;0;0;0;2;1;3;0;0.0;4.5;;1;494
4.2;9;28;0;0;0;2;1;3;0;0.0;4.5;;1;495
4.2;9;28;0;0;0;2;1;3;0;0.0;4.5;;1;496
4.2;9;28;0;0;0;2;1;3;0;0.0;4.5;;1;497
4.2;9;28;0;0;0;2;1;3;0;0.0;4.5;;1;498
4.2;9;28;0;0;0;2;1;3;0;0.0;4.5;;1;499
4.2;9;28;0;0;0;2;1;3;0;0.0;4.5;;1;500
4.2;9;28;0;0;0;2;1;3;0;0.0;4.5;;1;501
4.2;9;28;0;0;0;2;1;3;0;0.0;4.5;;1;502
4.2;9;28;0;0;0;2;1;3;0;0.0;4.5;;1;503
4.2;9;28;0;0;0;2;1;3;0;0.0;4.5;;1;504
4.2;9;28;0;0;0;2;1;3;0;0.0;4.5;;1;505
4.2;9;28;0;0;0;2;1;3;0;0.0;4.5;;1;506
4.2;9;28;0;0;0;2;1;3;0;0.0;4.5;;1;507
4.2;9;28;0;0;0;2;1;3;0;0.0;4.5;;1;508
4.2;9;28;0;0;0;2;1;3;0;0.0;4.5;;1;509
4.2;9;28;0;0;0;2;1;3;0;0.0;4.5;;1;510
4.2;9;28;0;0;0;2;1;3;0;0.0;4.5;;1;511
4.2;9;28;0;0;0;2;1;3;0;0.0;4.5;;1;512
4.2;9;28;0;0;0;2;1;3;0;0.0;4.5;;1;513
4.2;9;28;0;0;0;2;1;3;0;0.0;4.5;;1;514
4.2;9;28;0;0;0;2;1;3;0;0.0;4.5;;1;515
4.2;9;28;0;0;0;2;1;3;0;0.0;4.5;;1;516
4.2;9;28;0;0;0;2;1;3;0;0.0;4.5;;1;517
4.2;9;28;0;0;0;2;1;3;0;0.0;4.5;;1;518
4.2;9;28;0;0;0;2;1;3;0;0.0;4.5;;1;519
4.2;9;28;0;0;0;2;1;3;0;0.0;4.5;;1;520
4.2;9;28;0;0;0;2;1;3;0;0.0;4.5;;1;521
4.2;9;29;0;0;0;3;1;4;0;0.0;5.7;;1;522
4.2;9;29;0;0;0;3;1;4;0;0.0;5.7;;1;523
4.2;9;29;0;0;0;3;1;4;0;0.0;5.7;;1;524
4.2;9;29;0;0;0;3;1;4;0;0.0;5.7;;1;525
4.2;9;29;0;0;0;3;1;4;0;0.0;5.7;;1;526
4.2;9;29;0;0;0;3;1;4;0;0.0;5.7;;1;527
4.2;9;29;0;0;0;3;1;4;0;0.0;5.7;;1;528
4.2;9;29;0;0;0;3;1;4;0;0.0;5.7;;1;529
4.2;9;29;0;0;0;3;1;4;0;0.0;5.7;;1;530
4.2;9;29;0;0;0;3;1;4;0;0.0;5.7;;1;531
4.2;9;29;0;0;0;3;1;4;0;0.0;5.7;;1;532
4.2;9;29;0;0;0;3;1;4;0;0.0;5.7;;1;533
4.2;9;29;0;0;0;3;1;4;0;0.0;5.7;;1;534
4.2;9;29;0;0;0;3;1;4;0;0.0;5.7;;1;535
4.2;9;29;0;0;0;3;1;4;0;0.0;5.7;;1;536
4.2;9;29;0;0;0;3;1;4;0;0.0;5.7;;1;537
4.2;9;29;0;0;0;3;1;4;0;0.0;5.7;;1;538
4.2;9;29;0;0;0;3;1;4;0;0.0;5.7;;1;539
4.2;9;29;0;0;0;3;1;4;0;0.0;5.7;;1;540
4.2;9;29;0;0;0;3;1;4;0;0.0;5.7;;1;541
4.2;9;29;0;0;0;3;1;4;0;0.0;5.7;;1;542
4.2;9;29;0;0;0;3;1;4;0;0.0;5.7;;1;543
4.2;9;29;0;0;0;3;1;4;0;0.0;5.7;;1;544
4.2;9;29;0;0;0;3;1;4;0;0.0;5.7;;1;545
4.2;9;29;0;0;0;3;1;4;0;0.0;5.7;;1;546
4.2;9;29;0;0;0;3;1;4;0;0.0;5.7;;1;547
4.2;9;29;0;0;0;3;1;4;0;0.0;5.7;;1;548
4.2;9;29;0;0;0;3;1;4;0;0.0;5.7;;1;549
4.2;9;29;0;0;0;3;1;4;0;0.0;5.7;;1;550
4.2;9;29;0;0;0;3;1;4;0;0.0;5.7;;1;551
4.2;9;29;0;0;0;3;1;4;0;0.0;5.7;;1;552
4.2;10;29;0;0;0;3;1;4;0;0.0;5.7;;1;553
4.2;10;30;0;0;0;3;1;4;0;0.0;5.7;;1;554
4.2;10;30;0;0;0;3;1;4;0;0.0;5.7;;1;555
4.2;10;30;0;0;0;3;1;4;0;0.0;5.7;;1;556
4.2;10;30;0;0;0;3;1;4;0;0.0;5.7;;1;557
4.2;10;30;0;0;0;3;1;4;0;0.0;5.7;;1;558
4.2;10;30;0;0;0;3;1;4;0;0.0;5.7;;1;559
4.2;10;30;0;0;0;3;1;4;0;0.0;5.7;;1;560
4.2;10;30;0;0;0;3;1;4;0;0.0;5.7;;1;561
4.2;10;30;0;0;0;3;1;4;0;0.0;5.7;;1;562
4.2;10;30;0;0;0;3;1;4;0;0.0;5.7;;1;563
4.2;10;30;0;0;0;3;1;4;0;0.0;5.7;;1;564
4.2;10;30;0;0;0;3;1;4;0;0.0;5.7;;1;565
4.2;10;30;0;0;0;3;1;4;0;0.0;5.7;;1;566
4.2;10;30;0;0;0;3;1;4;0;0.0;5.7;;1;567
4.2;10;30;0;0;0;3;1;4;0;0.0;5.7;;1;568
4.2;10;30;0;0;0;3;1;4;0;0.0;5.7;;1;569
4.2;10;31;0;0;0;3;1;4;0;0.0;5.7;;1;570
4.2;10;32;0;0;0;3;1;4;0;0.0;5.7;;1;571
4.2;10;32;0;0;0;3;1;4;0;0.0;5.7;;1;572
4.2;10;32;0;0;0;3;1;4;0;0.0;5.7;;1;573
4.2;10;32;0;0;0;3;1;4;0;0.0;5.7;;1;574
4.2;10;32;0;0;0;3;1;4;0;0.0;5.7;;1;575
4.2;10;32;0;0;0;3;1;4;0;0.0;5.7;;1;576
4.2;10;32;0;0;0;3;1;4;0;0.0;5.7;;1;577
4.2;10;32;0;0;0;3;1;4;0;0.0;5.7;;1;578
4.2;10;32;0;0;0;3;1;4;0;0.0;5.7;;1;579
4.2;10;32;0;0;0;3;1;4;0;0.0;5.7;;1;580
4.2;10;32;0;0;0;3;1;4;0;0.0;5.7;;1;581
4.2;10;32;0;0;0;3;1;4;0;0.0;5.7;;1;582
4.2;10;33;0;0;0;3;1;4;0;0.0;5.7;;1;583
4.2;10;33;0;0;0;3;1;4;0;0.0;5.7;;1;584
4.2;10;33;0;0;0;3;1;4;0;0.0;5.7;;1;585
4.2;10;33;0;0;0;3;1;4;0;0.0;5.7;;1;586
4.2;10;33;0;0;0;3;1;4;0;0.0;5.7;;1;587
4.2;10;33;0;0;0;3;1;4;0;0.0;5.7;;1;588
4.2;10;33;0;0;0;3;1;4;0;0.0;5.7;;1;589
4.2;10;33;0;0;0;3;1;4;0;0.0;5.7;;1;590
4.2;10;34;0;0;0;3;1;4;0;0.0;5.7;;1;591
4.2;10;34;0;0;0;3;1;4;0;0.0;5.7;;1;592
4.2;10;34;0;0;0;3;1;4;0;0.0;5.7;;1;593
4.2;10;34;0;0;0;3;1;4;0;0.0;5.7;;1;594
4.2;11;34;0;0;0;3;1;4;0;0.0;5.7;;1;595
4.2;11;34;0;0;0;3;1;4;0;0.0;5.7;;1;596
4.2;11;34;0;0;0;3;1;4;0;0.0;5.7;;1;597
4.2;11;34;0;0;0;3;1;4;0;0.0;5.7;;1;598
4.2;11;34;0;0;0;3;1;4;0;0.0;5.7;;1;599
4.2;11;34;0;0;0;3;1;4;0;0.0;5.7;;1;600
4.2;11;34;0;0;0;3;1;4;0;0.0;5.7;;1;601
4.2;11;34;0;0;0;3;1;4;0;0.0;5.7;;1;602
4.2;11;34;0;0;0;3;1;4;0;0.0;5.7;;1;603
4.2;11;34;0;0;0;3;1;4;0;0.0;5.7;;1;604
4.2;11;35;0;0;0;3;1;4;0;0.0;5.7;;1;605
4.2;11;35;0;0;0;3;1;4;0;0.0;5.7;;1;606
4.2;11;35;0;0;0;3;1;4;0;0.0;5.7;;1;607
4.2;11;36;0;0;0;3;1;4;0;0.0;5.7;;1;608
4.2;11;36;0;0;0;3;1;4;0;0.0;5.7;;1;609
4.2;11;36;0;0;0;3;1;4;0;0.0;5.7;;1;610
4.2;11;36;0;0;0;3;1;4;0;0.0;5.7;;1;611
4.2;11;36;0;0;0;3;1;4;0;0.0;5.7;;1;612
4.2;11;36;0;0;0;3;1;4;0;0.0;5.7;;1;613
4.2;11;36;0;0;0;3;1;4;0;0.0;5.7;;1;614
4.2;11;36;0;0;0;3;1;4;0;0.0;5.7;;1;615
4.2;11;36;0;0;0;3;1;4;0;0.0;5.7;;1;616
4.2;11;36;0;0;0;3;1;4;0;0.0;5.7;;1;617
4.2;11;36;0;0;0;3;1;4;0;0.0;5.7;;1;618
4.2;11;36;0;0;0;3;1;4;0;0.0;5.7;;1;619
4.2;11;36;0;0;0;3;1;4;0;0.0;5.7;;1;620
4.2;11;36;0;0;0;3;1;4;0;0.0;5.7;;1;621
4.2;11;36;0;0;0;3;1;4;0;0.0;5.7;;1;622
4.2;11;36;0;0;0;3;1;4;0;0.0;5.7;;1;623
4.2;11;36;0;0;0;3;1;4;0;0.0;5.7;;1;624
4.2;11;36;0;0;0;3;1;4;0;0.0;5.7;;1;625
4.2;11;36;0;0;0;3;1;4;0;0.0;5.7;;1;626
4.2;11;36;0;0;0;3;1;4;0;0.0;5.7;;1;627
4.2;11;36;0;0;0;3;1;4;0;0.0;5.7;;1;628
4.2;11;36;0;0;0;3;1;4;0;0.0;5.7;;1;629
4.2;11;36;0;0;0;3;1;4;0;0.0;5.7;;1;630
4.2;11;36;0;0;0;3;1;4;0;0.0;5.7;;1;631
4.2;11;36;0;0;0;3;1;4;0;0.0;5.7;;1;632
4.2;12;36;0;0;0;3;1;4;0;0.0;5.7;;1;633
4.2;12;36;0;0;0;3;1;4;0;0.0;5.7;;1;634
4.2;12;36;0;0;0;3;1;4;0;0.0;5.7;;1;635
4.2;12;36;0;0;0;3;1;4;0;0.0;5.7;;1;636
4.2;12;36;0;0;0;3;1;4;0;0.0;5.7;;1;637
4.2;12;36;0;0;0;3;1;4;0;0.0;5.7;;1;638
4.2;12;36;0;0;0;3;1;4;0;0.0;5.7;;1;639
4.2;12;36;0;0;0;3;1;4;0;0.0;5.7;;1;640
4.2;12;36;0;0;0;3;1;4;0;0.0;5.7;;1;641
4.2;12;36;0;0;0;3;1;4;0;0.0;5.7;;1;642
4.2;12;36;0;0;0;3;1;4;0;0.0;5.7;;1;643
4.2;12;36;0;0;0;3;1;4;0;0.0;5.7;;1;644
4.2;12;36;0;0;0;3;1;4;0;0.0;5.7;;1;645
4.2;12;36;0;0;0;3;1;4;0;0.0;5.7;;1;646
4.2;12;36;0;0;0;3;1;4;0;0.0;5.7;;1;647
4.2;12;36;0;0;0;3;1;4;0;0.0;5.7;;1;648
4.2;12;36;0;0;0;3;1;4;0;0.0;5.7;;1;649
4.2;12;36;0;0;0;3;1;4;0;0.0;5.7;;1;650
4.2;12;36;0;0;0;3;1;4;0;0.0;5.7;;1;651
4.2;12;36;0;0;0;3;1;4;0;0.0;5.7;;1;652
4.2;12;36;0;0;0;3;1;4;0;0.0;5.7;;1;653
4.2;12;36;0;0;0;3;1;4;0;0.0;5.7;;1;654
4.2;12;36;0;0;0;3;1;4;0;0.0;5.7;;1;655
4.2;12;36;0;0;0;3;1;4;0;0.0;5.7;;1;656
4.2;12;36;0;0;0;3;1;4;0;0.0;5.7;;1;657
4.2;12;37;0;0;0;3;2;5;0;0.0;2.8;;1;658
4.2;12;37;0;0;0;3;2;5;0;0.0;2.8;;1;659
4.2;12;37;0;0;0;3;2;5;0;0.0;2.8;;1;660
4.2;12;37;0;0;0;3;2;5;0;0.0;2.8;;1;661
4.2;12;37;0;0;0;3;2;5;0;0.0;2.8;;1;662
4.2;12;37;0;0;0;3;2;5;0;0.0;2.8;;1;663
4.2;12;37;0;0;0;3;2;5;0;0.0;2.8;;1;664
4.2;12;37;0;0;0;3;2;5;0;0.0;2.8;;1;665
4.2;12;37;0;0;0;3;2;5;0;0.0;2.8;;1;666
4.2;12;37;0;0;0;3;2;5;0;0.0;2.8;;1;667
4.2;12;37;0;0;0;3;2;5;0;0.0;2.8;;1;668
4.2;12;37;0;0;0;3;2;5;0;0.0;2.8;;1;669
4.2;12;37;0;0;0;3;2;5;0;0.0;2.8;;1;670
4.2;12;37;0;0;0;3;2;5;0;0.0;2.8;;1;671
4.2;12;37;0;0;0;3;2;5;0;0.0;2.8;;1;672
4.2;12;38;0;0;0;3;2;5;0;0.0;2.8;;1;673
4.2;12;38;0;0;0;3;2;5;0;0.0;2.8;;1;674
4.2;12;38;0;0;0;3;2;5;0;0.0;2.8;;1;675
4.2;12;38;0;0;0;3;2;5;0;0.0;2.8;;1;676
4.2;12;38;0;0;0;3;2;5;0;0.0;2.8;;1;677
4.2;12;38;0;0;0;3;2;5;0;0.0;2.8;;1;678
4.2;12;38;0;0;0;3;2;5;0;0.0;2.8;;1;679
4.2;12;38;0;0;0;3;2;5;0;0.0;2.8;;1;680
4.2;12;38;0;0;0;3;2;5;0;0.0;2.8;;1;681
4.2;12;38;0;0;0;3;2;5;0;0.0;2.8;;1;682
4.2;12;38;0;0;0;3;2;5;0;0.0;2.8;;1;683
4.2;12;38;0;0;0;3;2;5;0;0.0;2.8;;1;684
4.2;12;39;0;0;0;3;2;5;0;0.0;2.8;;1;685
4.2;12;39;0;0;0;3;2;5;0;0.0;2.8;;1;686
4.2;12;39;0;0;0;3;2;5;0;0.0;2.8;;1;687
4.2;12;39;0;0;0;3;2;5;0;0.0;2.8;;1;688
4.2;12;39;0;0;0;3;2;5;0;0.0;2.8;;1;689
4.2;12;39;0;0;0;3;2;5;0;0.0;2.8;;1;690
4.2;12;39;0;0;0;3;2;5;0;0.0;2.8;;1;691
4.2;12;39;0;0;0;3;2;5;0;0.0;2.8;;1;692
4.2;12;39;0;0;0;3;2;5;0;0.0;2.8;;1;693
4.2;12;39;0;0;0;3;2;5;0;0.0;2.8;;1;694
4.2;12;39;0;0;0;3;2;5;0;0.0;2.8;;1;695
4.2;12;39;0;0;0;3;2;5;0;0.0;2.8;;1;696
4.2;12;39;0;0;0;3;2;5;0;0.0;2.8;;1;697
4.2;12;39;0;0;0;3;2;5;0;0.0;2.8;;1;698
4.2;12;40;0;0;0;3;2;5;0;0.0;2.8;;1;699
4.2;12;40;0;0;0;3;2;5;0;0.0;2.8;;1;700
4.2;12;40;0;0;0;3;2;5;0;0.0;2.8;;1;701
4.2;12;40;0;0;0;3;2;5;0;0.0;2.8;;1;702
4.2;12;40;0;0;0;3;2;5;0;0.0;2.8;;1;703
4.2;12;40;0;0;0;3;2;5;0;0.0;2.8;;1;704
4.2;12;40;0;0;0;3;2;5;0;0.0;2.8;;1;705
4.2;12;40;0;0;0;3;2;5;0;0.0;2.8;;1;706
4.2;12;40;0;0;0;3;2;5;0;0.0;2.8;;1;707
4.2;12;40;0;0;0;3;2;5;0;0.0;2.8;;1;708
4.2;12;40;0;0;0;3;2;5;0;0.0;2.8;;1;709
4.2;12;41;0;0;0;3;2;5;0;0.0;2.8;;1;710
4.2;12;41;0;0;0;3;2;5;0;0.0;2.8;;1;711
4.2;12;41;0;0;0;3;2;5;0;0.0;2.8;;1;712
4.2;12;41;0;0;0;3;2;5;0;0.0;2.8;;1;713
4.2;12;41;0;0;0;3;2;5;0;0.0;2.8;;1;714
4.2;12;41;0;0;0;3;2;5;0;0.0;2.8;;1;715
4.2;12;41;0;0;0;3;2;5;0;0.0;2.8;;1;716
4.2;12;41;0;0;0;3;2;5;0;0.0;2.8;;1;717
4.2;12;41;0;0;0;3;2;5;0;0.0;2.8;;1;718
4.2;12;41;0;0;0;3;2;5;0;0.0;2.8;;1;719
4.2;12;41;0;0;0;3;2;5;0;0.0;2.8;;1;720
4.2;12;41;0;0;0;3;2;5;0;0.0;2.8;;1;721
4.2;12;41;0;0;0;3;2;5;0;0.0;2.8;;1;722
4.2;12;41;0;0;0;3;2;5;0;0.0;2.8;;1;723
4.2;12;41;0;0;0;3;2;5;0;0.0;2.8;;1;724
4.2;12;41;0;0;0;3;2;5;0;0.0;2.8;;1;725
4.2;12;41;0;0;0;3;2;5;0;0.0;2.8;;1;726
4.2;12;41;0;0;0;3;2;5;0;0.0;2.8;;1;727
4.2;12;41;0;0;0;3;2;5;0;0.0;2.8;;1;728
4.2;12;41;0;0;0;3;2;5;0;0.0;2.8;;1;729
4.2;12;41;0;0;0;3;2;5;0;0.0;2.8;;1;730
4.2;12;41;0;0;0;3;2;5;0;0.0;2.8;;1;731
4.2;12;41;0;0;0;3;2;5;0;0.0;2.8;;1;732
4.2;12;41;0;0;0;3;2;5;0;0.0;2.8;;1;733
4.2;12;41;0;0;0;3;2;5;0;0.0;2.8;;1;734
4.2;12;41;0;0;0;3;2;5;0;0.0;2.8;;1;735
4.2;12;41;0;0;0;3;2;5;0;0.0;2.8;;1;736
4.2;12;41;0;0;0;3;2;5;0;0.0;2.8;;1;737
4.2;12;41;0;0;0;3;2;5;0;0.0;2.8;;1;738
4.2;12;41;0;0;0;3;2;5;0;0.0;2.8;;1;739
4.2;12;41;0;0;0;3;2;5;0;0.0;2.8;;1;740
4.2;12;41;0;0;0;3;2;5;0;0.0;2.8;;1;741
4.2;12;41;0;0;0;3;2;5;0;0.0;2.8;;1;742
4.2;12;41;0;0;0;3;2;5;0;0.0;2.8;;1;743
4.2;12;41;0;0;0;3;2;5;0;0.0;2.8;;1;744
4.2;12;41;0;0;0;3;2;5;0;0.0;2.8;;1;745
4.2;12;41;0;0;0;3;2;5;0;0.0;2.8;;1;746
4.2;12;41;0;0;0;3;2;5;0;0.0;2.8;;1;747
4.2;12;41;0;0;0;3;2;5;0;0.0;2.8;;1;748
4.2;12;41;0;0;0;3;2;5;0;0.0;2.8;;1;749
4.2;12;41;0;0;0;3;2;5;0;0.0;2.8;;1;750
4.2;12;41;0;0;0;3;2;5;0;0.0;2.8;;1;751
4.2;12;41;0;0;0;3;2;5;0;0.0;2.8;;1;752
4.2;12;41;0;0;0;3;2;5;0;0.0;2.8;;1;753
4.2;12;41;0;0;0;3;2;5;0;0.0;2.8;;1;754
4.2;12;41;0;0;0;3;2;5;0;0.0;2.8;;1;755
4.2;12;41;0;0;0;3;2;5;0;0.0;2.8;;1;756
4.2;12;41;0;0;0;3;2;5;0;0.0;2.8;;1;757
4.2;12;41;0;0;0;3;2;5;0;0.0;2.8;;1;758
4.2;12;41;0;0;0;3;2;5;0;0.0;2.8;;1;759
4.2;12;42;0;0;0;4;2;6;0;0.0;5.2;;1;760
4.2;12;42;0;0;0;4;2;6;0;0.0;5.2;;1;761
4.2;12;42;0;0;0;4;2;6;0;0.0;5.2;;1;762
4.2;12;42;0;0;0;4;2;6;0;0.0;5.2;;1;763
4.2;12;42;0;0;0;4;2;6;0;0.0;5.2;;1;764
4.2;12;42;0;0;0;4;2;6;0;0.0;5.2;;1;765
4.2;12;42;0;0;0;4;2;6;0;0.0;5.2;;1;766
4.2;12;42;0;0;0;4;2;6;0;0.0;5.2;;1;767
4.2;12;42;0;0;0;4;2;6;0;0.0;5.2;;1;768
4.2;12;42;0;0;0;4;2;6;0;0.0;5.2;;1;769
4.2;12;42;0;0;0;4;2;6;0;0.0;5.2;;1;770
4.2;12;42;0;0;0;4;2;6;0;0.0;5.2;;1;771
4.2;12;42;0;0;0;4;2;6;0;0.0;5.2;;1;772
4.2;12;42;0;0;0;4;2;6;0;0.0;5.2;;1;773
4.2;12;42;0;0;0;4;2;6;0;0.0;5.2;;1;774
4.2;12;42;0;0;0;4;2;6;0;0.0;5.2;;1;775
4.2;12;42;0;0;0;4;2;6;0;0.0;5.2;;1;776
4.2;12;42;0;0;0;4;2;6;0;0.0;5.2;;1;777
4.2;12;42;0;0;0;4;2;6;0;0.0;5.2;;1;778
4.2;12;42;0;0;0;4;2;6;0;0.0;5.2;;1;779
4.2;12;42;0;0;0;4;2;6;0;0.0;5.2;;1;780
4.2;12;42;0;0;0;4;2;6;0;0.0;5.2;;1;781
4.2;12;42;0;0;0;4;2;6;0;0.0;5.2;;1;782
4.2;12;42;0;0;0;4;2;6;0;0.0;5.2;;1;783
4.2;12;42;0;0;0;4;2;6;0;0.0;5.2;;1;784
4.2;12;42;0;0;0;4;2;6;0;0.0;5.2;;1;785
4.2;12;42;0;0;0;4;2;6;0;0.0;5.2;;1;786
4.2;12;42;0;0;0;4;2;6;0;0.0;5.2;;1;787
4.2;13;42;0;0;0;4;2;6;0;0.0;5.2;;1;788
4.2;13;43;0;0;0;4;2;6;0;0.0;5.2;;1;789
4.2;13;43;0;0;0;4;2;6;0;0.0;5.2;;1;790
4.2;13;43;0;0;0;4;2;6;0;0.0;5.2;;1;791
4.2;13;43;0;0;0;4;2;6;0;0.0;5.2;;1;792
4.2;13;43;0;0;0;4;2;6;0;0.0;5.2;;1;793
4.2;13;44;0;0;0;4;2;6;0;0.0;5.2;;1;794
4.2;13;45;0;0;0;4;2;6;0;0.0;5.2;;1;795
4.2;13;45;0;0;0;4;2;6;0;0.0;5.2;;1;796
4.2;13;45;0;0;0;4;2;6;0;0.0;5.2;;1;797
4.2;13;45;0;0;0;4;2;6;0;0.0;5.2;;1;798
4.2;13;45;0;0;0;4;2;6;0;0.0;5.2;;1;799
4.2;13;45;0;0;0;4;2;6;0;0.0;5.2;;1;800
4.2;13;45;0;0;0;4;2;6;0;0.0;5.2;;1;801
4.2;13;45;0;0;0;4;2;6;0;0.0;5.2;;1;802
4.2;13;45;0;0;0;4;2;6;0;0.0;5.2;;1;803
4.2;13;45;0;0;0;4;2;6;0;0.0;5.2;;1;804
4.2;13;45;0;0;0;4;2;6;0;0.0;5.2;;1;805
4.2;13;45;0;0;0;4;2;6;0;0.0;5.2;;1;806
4.2;13;45;0;0;0;4;2;6;0;0.0;5.2;;1;807
4.2;13;45;0;0;0;4;2;6;0;0.0;5.2;;1;808
4.2;13;45;0;0;0;4;2;6;0;0.0;5.2;;1;809
4.2;13;45;0;0;0;4;2;6;0;0.0;5.2;;1;810
4.2;13;45;0;0;0;4;2;6;0;0.0;5.2;;1;811
4.2;13;45;0;0;0;4;2;6;0;0.0;5.2;;1;812
4.2;13;46;0;0;0;4;2;6;0;0.0;5.2;;1;813
4.2;13;46;0;0;0;4;2;6;0;0.0;5.2;;1;814
4.2;13;46;0;0;0;4;2;6;0;0.0;5.2;;1;815
4.2;13;46;0;0;0;4;2;6;0;0.0;5.2;;1;816
4.2;13;46;0;0;0;4;2;6;0;0.0;5.2;;1;817
4.2;13;46;0;0;0;4;2;6;0;0.0;5.2;;1;818
4.2;13;46;0;0;0;4;2;6;0;0.0;5.2;;1;819
4.2;13;46;0;0;0;4;2;6;0;0.0;5.2;;1;820
4.2;13;47;0;0;0;4;2;6;0;0.0;5.2;;1;821
4.2;13;47;0;0;0;4;2;6;0;0.0;5.2;;1;822
4.2;13;47;0;0;0;4;2;6;0;0.0;5.2;;1;823
4.2;13;47;0;0;0;4;2;6;0;0.0;5.2;;1;824
4.2;13;47;0;0;0;4;2;6;0;0.0;5.2;;1;825
4.2;13;47;0;0;0;4;2;6;0;0.0;5.2;;1;826
4.2;13;47;0;0;0;4;2;6;0;0.0;5.2;;1;827
4.2;13;47;0;0;0;4;2;6;0;0.0;5.2;;1;828
4.2;13;47;0;0;0;4;2;6;0;0.0;5.2;;1;829
4.2;13;47;0;0;0;4;2;6;0;0.0;5.2;;1;830
4.2;13;47;0;0;0;4;2;6;0;0.0;5.2;;1;831
4.2;13;47;0;0;0;4;2;6;0;0.0;5.2;;1;832
4.2;13;47;0;0;0;4;2;6;0;0.0;5.2;;1;833
4.2;13;47;0;0;0;4;2;6;0;0.0;5.2;;1;834
4.2;13;47;0;0;0;4;2;6;0;0.0;5.2;;1;835
4.2;13;47;0;0;0;4;2;6;0;0.0;5.2;;1;836
4.2;13;48;0;0;0;4;2;6;0;0.0;5.2;;1;837
4.2;13;48;0;0;0;4;2;6;0;0.0;5.2;;1;838
4.2;13;48;0;0;0;4;2;6;0;0.0;5.2;;1;839
4.2;13;48;0;0;0;4;2;6;0;0.0;5.2;;1;840
4.2;13;48;0;0;0;4;2;6;0;0.0;5.2;;1;841
4.2;13;48;0;0;0;4;2;6;0;0.0;5.2;;1;842
4.2;13;48;0;0;0;4;2;6;0;0.0;5.2;;1;843
4.2;13;48;0;0;0;4;2;6;0;0.0;5.2;;1;844
4.2;13;48;0;0;0;4;2;6;0;0.0;5.2;;1;845
4.2;13;48;0;0;0;4;2;6;0;0.0;5.2;;1;846
4.2;13;48;0;0;0;4;2;6;0;0.0;5.2;;1;847
4.2;13;48;0;0;0;4;2;6;0;0.0;5.2;;1;848
4.2;13;48;0;0;0;4;2;6;0;0.0;5.2;;1;849
4.2;13;48;0;0;0;4;2;6;0;0.0;5.2;;1;850
4.2;13;48;0;0;0;4;2;6;0;0.0;5.2;;1;851
4.2;14;48;0;0;0;4;2;6;0;0.0;5.2;;1;852
4.2;14;48;0;0;0;4;2;6;0;0.0;5.2;;1;853
4.2;14;48;0;0;0;4;2;6;0;0.0;5.2;;1;854
4.2;14;48;0;0;0;4;2;6;0;0.0;5.2;;1;855
4.2;14;48;0;0;0;4;2;6;0;0.0;5.2;;1;856
4.2;14;48;0;0;0;4;2;6;0;0.0;5.2;;1;857
4.2;14;48;0;0;0;4;2;6;0;0.0;5.2;;1;858
4.2;14;48;0;0;0;4;2;6;0;0.0;5.2;;1;859
4.2;14;48;0;0;0;4;2;6;0;0.0;5.2;;1;860
4.2;14;48;0;0;0;4;2;6;0;0.0;5.2;;1;861
4.2;14;48;0;0;0;4;2;6;0;0.0;5.2;;1;862
4.2;14;48;0;0;0;4;2;6;0;0.0;5.2;;1;863
4.2;14;48;0;0;0;4;2;6;0;0.0;5.2;;1;864
4.2;14;48;0;0;0;4;2;6;0;0.0;5.2;;1;865
4.2;14;48;0;0;0;4;2;6;0;0.0;5.2;;1;866
4.2;14;48;0;0;0;4;2;6;0;0.0;5.2;;1;867
4.2;14;48;0;0;0;4;2;6;0;0.0;5.2;;1;868
4.2;14;48;0;0;0;4;2;6;0;0.0;5.2;;1;869
4.2;14;48;0;0;0;4;2;6;0;0.0;5.2;;1;870
4.2;14;48;0;0;0;4;2;6;0;0.0;5.2;;1;871
4.2;14;48;0;0;0;4;2;6;0;0.0;5.2;;1;872
4.2;14;48;0;0;0;4;2;6;0;0.0;5.2;;1;873
4.2;14;48;0;0;0;4;2;6;0;0.0;5.2;;1;874
4.2;14;48;0;0;0;4;2;6;0;0.0;5.2;;1;875
4.2;14;48;0;0;0;4;2;6;0;0.0;5.2;;1;876
4.2;14;48;0;0;0;4;2;6;0;0.0;5.2;;1;877
4.2;14;48;0;0;0;4;2;6;0;0.0;5.2;;1;878
4.2;14;48;0;0;0;4;2;6;0;0.0;5.2;;1;879
4.2;14;48;0;0;0;4;2;6;0;0.0;5.2;;1;880
4.2;14;48;0;0;0;4;2;6;0;0.0;5.2;;1;881
4.2;14;48;0;0;0;4;2;6;0;0.0;5.2;;1;882
4.2;14;48;0;0;0;4;2;6;0;0.0;5.2;;1;883
4.2;14;48;0;0;0;4;2;6;0;0.0;5.2;;1;884
4.2;14;48;0;0;0;4;2;6;0;0.0;5.2;;1;885
4.2;14;49;1;0;0.0;4;3;7;0;0.0;0.5;;1;886
4.2;14;49;1;0;0.0;4;3;7;0;0.0;0.5;;1;887
4.2;14;49;1;0;0.0;4;3;7;0;0.0;0.5;;1;888
4.2;14;49;1;0;0.0;4;3;7;0;0.0;0.5;;1;889
4.2;14;49;1;0;0.0;4;3;7;0;0.0;0.5;;1;890
4.2;14;49;1;0;0.0;4;3;7;0;0.0;0.5;;1;891
4.2;14;49;1;0;0.0;4;3;7;0;0.0;0.5;;1;892
4.2;14;49;1;0;0.0;4;3;7;0;0.0;0.5;;1;893
4.2;15;49;1;0;0.0;4;3;7;0;0.0;0.5;;1;894
4.2;15;49;1;0;0.0;4;3;7;0;0.0;0.5;;1;895
4.2;15;49;1;0;0.0;4;3;7;0;0.0;0.5;;1;896
4.2;15;49;1;0;0.0;4;3;7;0;0.0;0.5;;1;897
4.2;15;49;1;0;0.0;4;3;7;0;0.0;0.5;;1;898
4.2;15;49;1;0;0.0;4;3;7;0;0.0;0.5;;1;899
4.2;15;49;1;0;0.0;4;3;7;0;0.0;0.5;;1;900
4.2;15;49;1;0;0.0;4;3;7;0;0.0;0.5;;1;901
4.2;15;49;1;0;0.0;4;3;7;0;0.0;0.5;;1;902
4.2;15;49;1;0;0.0;4;3;7;0;0.0;0.5;;1;903
4.2;15;49;1;0;0.0;4;3;7;0;0.0;0.5;;1;904
4.2;15;49;1;0;0.0;4;3;7;0;0.0;0.5;;1;905
4.2;15;49;1;0;0.0;4;3;7;0;0.0;0.5;;1;906
4.2;15;50;1;0;0.0;4;3;7;0;0.0;0.5;;1;907
4.2;15;50;1;0;0.0;4;3;7;0;0.0;0.5;;1;908
4.2;15;50;1;0;0.0;4;3;7;0;0.0;0.5;;1;909
4.2;15;50;1;0;0.0;4;3;7;0;0.0;0.5;;1;910
4.2;15;50;1;0;0.0;4;3;7;0;0.0;0.5;;1;911
4.2;15;50;1;0;0.0;4;3;7;0;0.0;0.5;;1;912
4.2;15;50;1;0;0.0;4;3;7;0;0.0;0.5;;1;913
4.2;15;50;1;0;0.0;4;3;7;0;0.0;0.5;;1;914
4.2;15;50;1;0;0.0;4;3;7;0;0.0;0.5;;1;915
4.2;15;50;1;0;0.0;4;3;7;0;0.0;0.5;;1;916
4.2;15;50;1;0;0.0;4;3;7;0;0.0;0.5;;1;917
4.2;15;50;1;0;0.0;4;3;7;0;0.0;0.5;;1;918
4.2;15;50;1;0;0.0;4;3;7;0;0.0;0.5;;1;919
4.2;15;51;1;0;0.0;4;3;7;0;0.0;0.5;;1;920
4.2;15;51;1;0;0.0;4;3;7;0;0.0;0.5;;1;921
4.2;15;51;1;0;0.0;4;3;7;0;0.0;0.5;;1;922
4.2;15;51;1;0;0.0;4;3;7;0;0.0;0.5;;1;923
4.2;15;51;1;0;0.0;4;3;7;0;0.0;0.5;;1;924
4.2;15;51;1;0;0.0;4;3;7;0;0.0;0.5;;1;925
4.2;15;51;1;0;0.0;4;3;7;0;0.0;0.5;;1;926
4.2;15;51;1;0;0.0;4;3;7;0;0.0;0.5;;1;927
4.2;15;51;1;0;0.0;4;3;7;0;0.0;0.5;;1;928
4.2;15;51;1;0;0.0;4;3;7;0;0.0;0.5;;1;929
4.2;15;51;1;0;0.0;4;3;7;0;0.0;0.5;;1;930
4.2;15;51;1;0;0.0;4;3;7;0;0.0;0.5;;1;931
4.2;15;51;1;0;0.0;4;3;7;0;0.0;0.5;;1;932
4.2;15;51;1;0;0.0;4;3;7;0;0.0;0.5;;1;933
4.2;15;51;1;0;0.0;4;3;7;0;0.0;0.5;;1;934
4.2;15;51;1;0;0.0;4;3;7;0;0.0;0.5;;1;935
4.2;15;51;1;0;0.0;4;3;7;0;0.0;0.5;;1;936
4.2;15;51;1;0;0.0;4;3;7;0;0.0;0.5;;1;937
4.2;15;51;1;0;0.0;4;3;7;0;0.0;0.5;;1;938
4.2;15;51;1;0;0.0;4;3;7;0;0.0;0.5;;1;939
4.2;16;51;1;0;0.0;4;3;7;0;0.0;0.5;;1;940
4.2;16;51;1;0;0.0;4;3;7;0;0.0;0.5;;1;941
4.2;16;51;1;0;0.0;4;3;7;0;0.0;0.5;;1;942
4.2;16;51;1;0;0.0;4;3;7;0;0.0;0.5;;1;943
4.2;16;51;1;0;0.0;4;3;7;0;0.0;0.5;;1;944
4.2;16;51;1;0;0.0;4;3;7;0;0.0;0.5;;1;945
4.2;16;51;1;0;0.0;4;3;7;0;0.0;0.5;;1;946
4.2;16;51;1;0;0.0;4;3;7;0;0.0;0.5;;1;947
4.2;16;51;1;0;0.0;4;3;7;0;0.0;0.5;;1;948
4.2;16;51;1;0;0.0;4;3;7;0;0.0;0.5;;1;949
4.2;16;51;1;0;0.0;4;3;7;0;0.0;0.5;;1;950
4.2;16;51;1;0;0.0;4;3;7;0;0.0;0.5;;1;951
4.2;16;51;1;0;0.0;4;3;7;0;0.0;0.5;;1;952
4.2;16;51;1;0;0.0;4;3;7;0;0.0;0.5;;1;953
4.2;16;51;1;0;0.0;4;3;7;0;0.0;0.5;;1;954
4.2;16;51;1;0;0.0;4;3;7;0;0.0;0.5;;1;955
4.2;16;51;1;0;0.0;4;3;7;0;0.0;0.5;;1;956
4.2;16;51;1;0;0.0;4;3;7;0;0.0;0.5;;1;957
4.2;16;51;1;0;0.0;4;3;7;0;0.0;0.5;;1;958
4.2;16;51;1;0;0.0;4;3;7;0;0.0;0.5;;1;959
4.2;16;51;1;0;0.0;4;3;7;0;0.0;0.5;;1;960
4.2;16;51;1;0;0.0;4;3;7;0;0.0;0.5;;1;961
4.2;16;51;1;0;0.0;4;3;7;0;0.0;0.5;;1;962
4.2;16;51;1;0;0.0;4;3;7;0;0.0;0.5;;1;963
4.2;16;51;1;0;0.0;4;3;7;0;0.0;0.5;;1;964
4.2;16;51;1;0;0.0;4;3;7;0;0.0;0.5;;1;965
4.2;16;51;1;0;0.0;4;3;7;0;0.0;0.5;;1;966
4.2;16;51;1;0;0.0;4;3;7;0;0.0;0.5;;1;967
4.2;16;51;1;0;0.0;4;3;7;0;0.0;0.5;;1;968
4.2;16;51;1;0;0.0;4;3;7;0;0.0;0.5;;1;969
4.2;16;52;2;0;0.0;4;4;8;0;0.0;0.8;;1;970
4.2;16;52;2;0;0.0;4;4;8;0;0.0;0.8;;1;971
4.2;16;52;2;0;0.0;4;4;8;0;0.0;0.8;;1;972
4.2;16;52;2;0;0.0;4;4;8;0;0.0;0.8;;1;973
4.2;16;52;2;0;0.0;4;4;8;0;0.0;0.8;;1;974
4.2;16;52;2;0;0.0;4;4;8;0;0.0;0.8;;1;975
4.2;16;52;2;0;0.0;4;4;8;0;0.0;0.8;;1;976
4.2;16;52;2;0;0.0;4;4;8;0;0.0;0.8;;1;977
4.2;16;52;2;0;0.0;4;4;8;0;0.0;0.8;;1;978
4.2;16;52;2;0;0.0;4;4;8;0;0.0;0.8;;1;979
4.2;16;52;2;0;0.0;4;4;8;0;0.0;0.8;;1;980
4.2;16;52;2;0;0.0;4;4;8;0;0.0;0.8;;1;981
4.2;16;52;2;0;0.0;4;4;8;0;0.0;0.8;;1;982
4.2;16;52;2;0;0.0;4;4;8;0;0.0;0.8;;1;983
4.2;16;52;2;0;0.0;4;4;8;0;0.0;0.8;;1;984
4.2;16;52;2;0;0.0;4;4;8;0;0.0;0.8;;1;985
4.2;16;52;2;0;0.0;4;4;8;0;0.0;0.8;;1;986
4.2;16;52;2;0;0.0;4;4;8;0;0.0;0.8;;1;987
4.2;16;52;2;0;0.0;4;4;8;0;0.0;0.8;;1;988
4.2;16;53;2;0;0.0;4;4;8;0;0.0;0.8;;1;989
4.2;16;53;2;0;0.0;4;4;8;0;0.0;0.8;;1;990
4.2;16;54;2;0;0.0;4;4;8;0;0.0;0.8;;1;991
4.2;16;54;2;0;0.0;4;4;8;0;0.0;0.8;;1;992
4.2;16;54;2;0;0.0;4;4;8;0;0.0;0.8;;1;993
4.2;16;54;2;0;0.0;4;4;8;0;0.0;0.8;;1;994
4.2;16;54;2;0;0.0;4;4;8;0;0.0;0.8;;1;995
4.2;16;54;2;0;0.0;4;4;8;0;0.0;0.8;;1;996
4.2;16;54;2;0;0.0;4;4;8;0;0.0;0.8;;1;997
4.2;16;54;2;0;0.0;4;4;8;0;0.0;0.8;;1;998
4.2;16;54;2;0;0.0;4;4;8;0;0.0;0.8;;1;999
4.2;16;54;2;0;0.0;4;4;8;0;0.0;0.8;;1;1000
4.2;16;54;2;0;0.0;4;4;8;0;0.0;0.8;;1;1001
4.2;16;54;2;0;0.0;4;4;8;0;0.0;0.8;;1;1002
4.2;16;54;2;0;0.0;4;4;8;0;0.0;0.8;;1;1003
4.2;16;54;2;0;0.0;4;4;8;0;0.0;0.8;;1;1004
4.2;16;54;2;0;0.0;4;4;8;0;0.0;0.8;;1;1005
4.2;16;54;2;0;0.0;4;4;8;0;0.0;0.8;;1;1006
4.2;16;54;2;0;0.0;4;4;8;0;0.0;0.8;;1;1007
4.2;16;54;2;0;0.0;4;4;8;0;0.0;0.8;;1;1008
4.2;16;54;2;0;0.0;4;4;8;0;0.0;0.8;;1;1009
4.2;16;54;2;0;0.0;4;4;8;0;0.0;0.8;;1;1010
4.2;16;54;2;0;0.0;4;4;8;0;0.0;0.8;;1;1011
4.2;16;54;2;0;0.0;4;4;8;0;0.0;0.8;;1;1012
4.2;16;54;2;0;0.0;4;4;8;0;0.0;0.8;;1;1013
4.2;16;54;2;0;0.0;4;4;8;0;0.0;0.8;;1;1014
4.2;16;54;2;0;0.0;4;4;8;0;0.0;0.8;;1;1015
4.2;16;54;2;0;0.0;4;4;8;0;0.0;0.8;;1;1016
4.2;16;54;2;0;0.0;4;4;8;0;0.0;0.8;;1;1017
4.2;16;54;2;0;0.0;4;4;8;0;0.0;0.8;;1;1018
4.2;16;54;2;0;0.0;4;4;8;0;0.0;0.8;;1;1019
4.2;16;54;2;0;0.0;4;4;8;0;0.0;0.8;;1;1020
4.2;16;54;2;0;0.0;4;4;8;0;0.0;0.8;;1;1021
4.2;16;54;2;0;0.0;4;4;8;0;0.0;0.8;;1;1022
4.2;16;54;2;0;0.0;4;4;8;0;0.0;0.8;;1;1023
4.2;16;54;2;0;0.0;4;4;8;0;0.0;0.8;;1;1024
4.2;16;54;2;0;0.0;4;4;8;0;0.0;0.8;;1;1025
4.2;16;54;2;0;0.0;4;4;8;0;0.0;0.8;;1;1026
4.2;16;54;2;0;0.0;4;4;8;0;0.0;0.8;;1;1027
4.2;16;54;2;0;0.0;4;4;8;0;0.0;0.8;;1;1028
4.2;16;54;2;0;0.0;4;4;8;0;0.0;0.8;;1;1029
4.2;16;54;2;0;0.0;4;4;8;0;0.0;0.8;;1;1030
4.2;16;54;2;0;0.0;4;4;8;0;0.0;0.8;;1;1031
4.2;16;54;2;0;0.0;4;4;8;0;0.0;0.8;;1;1032
4.2;17;54;2;0;0.0;4;4;8;0;0.0;0.8;;1;1033
4.2;17;54;2;0;0.0;4;4;8;0;0.0;0.8;;1;1034
4.2;17;54;2;0;0.0;4;4;8;0;0.0;0.8;;1;1035
4.2;17;54;2;0;0.0;4;4;8;0;0.0;0.8;;1;1036
4.2;17;54;2;0;0.0;4;4;8;0;0.0;0.8;;1;1037
4.2;17;54;2;0;0.0;4;4;8;0;0.0;0.8;;1;1038
4.2;17;54;2;0;0.0;4;4;8;0;0.0;0.8;;1;1039
4.2;17;56;2;0;0.0;5;4;9;0;0.0;5.1;;1;1040
4.2;17;56;2;0;0.0;5;4;9;0;0.0;5.1;;1;1041
4.2;17;57;2;0;0.0;5;4;9;0;0.0;5.1;;1;1042
4.2;17;57;2;0;0.0;5;4;9;0;0.0;5.1;;1;1043
4.2;17;57;2;0;0.0;5;4;9;0;0.0;5.1;;1;1044
4.2;17;57;2;0;0.0;5;4;9;0;0.0;5.1;;1;1045
4.2;17;57;2;0;0.0;5;4;9;0;0.0;5.1;;1;1046
4.2;17;57;2;0;0.0;5;4;9;0;0.0;5.1;;1;1047
4.2;17;57;2;0;0.0;5;4;9;0;0.0;5.1;;1;1048
4.2;17;57;2;0;0.0;5;4;9;0;0.0;5.1;;1;1049
4.2;17;58;2;0;0.0;5;4;9;0;0.0;5.1;;1;1050
4.2;17;58;2;0;0.0;5;4;9;0;0.0;5.1;;1;1051
4.2;17;58;2;0;0.0;5;4;9;0;0.0;5.1;;1;1052
4.2;17;58;2;0;0.0;5;4;9;0;0.0;5.1;;1;1053
4.2;17;58;2;0;0.0;5;4;9;0;0.0;5.1;;1;1054
4.2;17;58;2;0;0.0;5;4;9;0;0.0;5.1;;1;1055
4.2;17;58;2;0;0.0;5;4;9;0;0.0;5.1;;1;1056
4.2;17;58;2;0;0.0;5;4;9;0;0.0;5.1;;1;1057
4.2;17;58;2;0;0.0;5;4;9;0;0.0;5.1;;1;1058
4.2;17;58;2;0;0.0;5;4;9;0;0.0;5.1;;1;1059
4.2;17;58;2;0;0.0;5;4;9;0;0.0;5.1;;1;1060
4.2;17;58;2;0;0.0;5;4;9;0;0.0;5.1;;1;1061
4.2;17;58;2;0;0.0;5;4;9;0;0.0;5.1;;1;1062
4.2;17;58;2;0;0.0;5;4;9;0;0.0;5.1;;1;1063
4.2;17;58;2;0;0.0;5;4;9;0;0.0;5.1;;1;1064
4.2;17;58;2;0;0.0;5;4;9;0;0.0;5.1;;1;1065
4.2;17;58;2;0;0.0;5;4;9;0;0.0;5.1;;1;1066
4.2;17;58;2;0;0.0;5;4;9;0;0.0;5.1;;1;1067
4.2;17;58;2;0;0.0;5;4;9;0;0.0;5.1;;1;1068
4.2;17;58;2;0;0.0;5;4;9;0;0.0;5.1;;1;1069
4.2;17;58;2;0;0.0;5;4;9;0;0.0;5.1;;1;1070
4.2;17;58;2;0;0.0;5;4;9;0;0.0;5.1;;1;1071
4.2;17;59;2;0;0.0;5;4;9;0;0.0;5.1;;1;1072
4.2;17;59;2;0;0.0;5;4;9;0;0.0;5.1;;1;1073
4.2;17;59;2;0;0.0;5;4;9;0;0.0;5.1;;1;1074
4.2;17;59;2;0;0.0;5;4;9;0;0.0;5.1;;1;1075
4.2;17;59;2;0;0.0;5;4;9;0;0.0;5.1;;1;1076
4.2;17;59;2;0;0.0;5;4;9;0;0.0;5.1;;1;1077
4.2;17;59;2;0;0.0;5;4;9;0;0.0;5.1;;1;1078
4.2;17;59;2;0;0.0;5;4;9;0;0.0;5.1;;1;1079
4.2;17;59;2;0;0.0;5;4;9;0;0.0;5.1;;1;1080
4.2;17;59;2;0;0.0;5;4;9;0;0.0;5.1;;1;1081
4.2;17;59;2;0;0.0;5;4;9;0;0.0;5.1;;1;1082
4.2;17;59;2;0;0.0;5;4;9;0;0.0;5.1;;1;1083
4.2;17;59;2;0;0.0;5;4;9;0;0.0;5.1;;1;1084
4.2;17;59;2;0;0.0;5;4;9;0;0.0;5.1;;1;1085
4.2;17;59;2;0;0.0;5;4;9;0;0.0;5.1;;1;1086
4.2;17;59;2;0;0.0;5;4;9;0;0.0;5.1;;1;1087
4.2;17;59;2;0;0.0;5;4;9;0;0.0;5.1;;1;1088
4.2;17;59;2;0;0.0;5;4;9;0;0.0;5.1;;1;1089
4.2;17;59;2;0;0.0;5;4;9;0;0.0;5.1;;1;1090
4.2;17;60;2;0;0.0;5;4;9;0;0.0;5.1;;1;1091
4.2;17;60;2;0;0.0;5;4;9;0;0.0;5.1;;1;1092
4.2;17;60;2;0;0.0;5;4;9;0;0.0;5.1;;1;1093
4.2;17;60;2;0;0.0;5;4;9;0;0.0;5.1;;1;1094
4.2;17;60;2;0;0.0;5;4;9;0;0.0;5.1;;1;1095
4.2;17;60;2;0;0.0;5;4;9;0;0.0;5.1;;1;1096
4.2;17;60;2;0;0.0;5;4;9;0;0.0;5.1;;1;1097
4.2;17;60;2;0;0.0;5;4;9;0;0.0;5.1;;1;1098
4.2;17;60;2;0;0.0;5;4;9;0;0.0;5.1;;1;1099
4.2;18;60;2;0;0.0;5;4;9;0;0.0;5.1;;1;1100
4.2;18;60;2;0;0.0;5;4;9;0;0.0;5.1;;1;1101
4.2;18;60;2;0;0.0;5;4;9;0;0.0;5.1;;1;1102
4.2;18;60;2;0;0.0;5;4;9;0;0.0;5.1;;1;1103
4.2;18;60;2;0;0.0;5;4;9;0;0.0;5.1;;1;1104
4.2;18;60;2;0;0.0;5;4;9;0;0.0;5.1;;1;1105
4.2;18;60;2;0;0.0;5;4;9;0;0.0;5.1;;1;1106
4.2;18;60;2;0;0.0;5;4;9;0;0.0;5.1;;1;1107
4.2;18;60;2;0;0.0;5;4;9;0;0.0;5.1;;1;1108
4.2;18;60;2;0;0.0;5;4;9;0;0.0;5.1;;1;1109
4.2;18;60;2;0;0.0;5;4;9;0;0.0;5.1;;1;1110
4.2;18;61;2;0;0.0;5;4;9;0;0.0;5.1;;1;1111
4.2;18;61;2;0;0.0;5;4;9;0;0.0;5.1;;1;1112
4.2;18;61;2;0;0.0;5;4;9;0;0.0;5.1;;1;1113
4.2;18;61;2;0;0.0;5;4;9;0;0.0;5.1;;1;1114
4.2;18;61;2;0;0.0;5;4;9;0;0.0;5.1;;1;1115
4.2;18;61;2;0;0.0;5;4;9;0;0.0;5.1;;1;1116
4.2;18;61;2;0;0.0;5;4;9;0;0.0;5.1;;1;1117
4.2;18;61;2;0;0.0;5;4;9;0;0.0;5.1;;1;1118
4.2;18;61;2;0;0.0;5;4;9;0;0.0;5.1;;1;1119
4.2;18;62;2;0;0.0;5;4;9;0;0.0;5.1;;1;1120
4.2;18;63;2;0;0.0;5;4;9;0;0.0;5.1;;1;1121
4.2;18;63;2;0;0.0;5;4;9;0;0.0;5.1;;1;1122
4.2;18;63;2;0;0.0;5;4;9;0;0.0;5.1;;1;1123
4.2;18;63;2;0;0.0;5;4;9;0;0.0;5.1;;1;1124
4.2;18;63;2;0;0.0;5;4;9;0;0.0;5.1;;1;1125
4.2;18;63;2;0;0.0;5;4;9;0;0.0;5.1;;1;1126
4.2;18;63;2;0;0.0;5;4;9;0;0.0;5.1;;1;1127
4.2;18;63;2;0;0.0;5;4;9;0;0.0;5.1;;1;1128
4.2;18;63;2;0;0.0;5;4;9;0;0.0;5.1;;1;1129
4.2;18;63;2;0;0.0;5;4;9;0;0.0;5.1;;1;1130
4.2;18;63;2;0;0.0;5;4;9;0;0.0;5.1;;1;1131
4.2;18;63;2;0;0.0;5;4;9;0;0.0;5.1;;1;1132
4.2;18;63;2;0;0.0;5;4;9;0;0.0;5.1;;1;1133
4.2;18;63;2;0;0.0;5;4;9;0;0.0;5.1;;1;1134
4.2;18;63;2;0;0.0;5;4;9;0;0.0;5.1;;1;1135
4.2;18;63;2;0;0.0;5;4;9;0;0.0;5.1;;1;1136
4.2;18;63;2;0;0.0;5;4;9;0;0.0;5.1;;1;1137
4.2;18;63;2;0;0.0;5;4;9;0;0.0;5.1;;1;1138
4.2;18;63;2;0;0.0;5;4;9;0;0.0;5.1;;1;1139
4.2;18;63;2;0;0.0;5;4;9;0;0.0;5.1;;1;1140
4.2;18;64;2;0;0.0;5;4;9;0;0.0;5.1;;1;1141
4.2;18;64;2;0;0.0;5;4;9;0;0.0;5.1;;1;1142
4.2;18;64;2;0;0.0;5;4;9;0;0.0;5.1;;1;1143
4.2;18;64;2;0;0.0;5;4;9;0;0.0;5.1;;1;1144
4.2;18;64;2;0;0.0;5;4;9;0;0.0;5.1;;1;1145
4.2;18;64;2;0;0.0;5;4;9;0;0.0;5.1;;1;1146
4.2;18;65;2;0;0.0;5;4;9;0;0.0;5.1;;1;1147
4.2;18;65;2;0;0.0;5;4;9;0;0.0;5.1;;1;1148
4.2;18;65;2;0;0.0;5;4;9;0;0.0;5.1;;1;1149
4.2;18;65;2;0;0.0;5;4;9;0;0.0;5.1;;1;1150
4.2;18;65;2;0;0.0;5;4;9;0;0.0;5.1;;1;1151
4.2;18;65;2;0;0.0;5;4;9;0;0.0;5.1;;1;1152
4.2;18;65;2;0;0.0;5;4;9;0;0.0;5.1;;1;1153
4.2;18;65;2;0;0.0;5;4;9;0;0.0;5.1;;1;1154
4.2;18;65;2;0;0.0;5;4;9;0;0.0;5.1;;1;1155
4.2;18;65;2;0;0.0;5;4;9;0;0.0;5.1;;1;1156
4.2;18;66;2;0;0.0;5;4;9;0;0.0;5.1;;1;1157
4.2;18;66;2;0;0.0;5;4;9;0;0.0;5.1;;1;1158
4.2;18;66;2;0;0.0;5;4;9;0;0.0;5.1;;1;1159
4.2;18;66;2;0;0.0;5;4;9;0;0.0;5.1;;1;1160
4.2;18;66;2;0;0.0;5;4;9;0;0.0;5.1;;1;1161
4.2;18;66;2;0;0.0;5;4;9;0;0.0;5.1;;1;1162
4.2;18;68;2;0;0.0;5;4;9;0;0.0;5.1;;1;1163
4.2;19;68;2;0;0.0;5;4;9;0;0.0;5.1;;1;1164
4.2;19;68;2;0;0.0;5;4;9;0;0.0;5.1;;1;1165
4.2;19;68;2;0;0.0;5;4;9;0;0.0;5.1;;1;1166
4.2;19;68;2;0;0.0;5;4;9;0;0.0;5.1;;1;1167
4.2;19;68;2;0;0.0;5;4;9;0;0.0;5.1;;1;1168
4.2;19;68;2;0;0.0;5;4;9;0;0.0;5.1;;1;1169
4.2;19;69;2;0;0.0;5;4;9;0;0.0;5.1;;1;1170
4.2;19;69;2;0;0.0;5;4;9;0;0.0;5.1;;1;1171
4.2;19;69;2;0;0.0;5;4;9;0;0.0;5.1;;1;1172
4.2;19;69;2;0;0.0;5;4;9;0;0.0;5.1;;1;1173
4.2;19;69;2;0;0.0;5;4;9;0;0.0;5.1;;1;1174
4.2;19;70;2;0;0.0;5;4;9;0;0.0;5.1;;1;1175
4.2;19;70;2;0;0.0;5;4;9;0;0.0;5.1;;1;1176
4.2;19;70;2;0;0.0;5;4;9;0;0.0;5.1;;1;1177
4.2;19;70;2;0;0.0;5;4;9;0;0.0;5.1;;1;1178
4.2;19;70;2;0;0.0;5;4;9;0;0.0;5.1;;1;1179
4.2;19;70;2;0;0.0;5;4;9;0;0.0;5.1;;1;1180
4.2;19;70;2;0;0.0;5;4;9;0;0.0;5.1;;1;1181
4.2;19;70;2;0;0.0;5;4;9;0;0.0;5.1;;1;1182
4.2;19;70;2;0;0.0;5;4;9;0;0.0;5.1;;1;1183
4.2;19;70;2;0;0.0;5;4;9;0;0.0;5.1;;1;1184
4.2;19;70;2;0;0.0;5;4;9;0;0.0;5.1;;1;1185
4.2;19;70;2;0;0.0;5;4;9;0;0.0;5.1;;1;1186
4.2;19;70;2;0;0.0;5;4;9;0;0.0;5.1;;1;1187
4.2;19;70;2;0;0.0;5;4;9;0;0.0;5.1;;1;1188
4.2;19;70;2;0;0.0;5;4;9;0;0.0;5.1;;1;1189
4.2;19;70;2;0;0.0;5;4;9;0;0.0;5.1;;1;1190
4.2;19;70;2;0;0.0;5;4;9;0;0.0;5.1;;1;1191
4.2;19;70;2;0;0.0;5;4;9;0;0.0;5.1;;1;1192
4.2;19;70;2;0;0.0;5;4;9;0;0.0;5.1;;1;1193
4.2;19;70;2;0;0.0;5;4;9;0;0.0;5.1;;1;1194
4.2;19;70;2;0;0.0;5;4;9;0;0.0;5.1;;1;1195
4.2;19;70;2;0;0.0;5;4;9;0;0.0;5.1;;1;1196
4.2;19;70;2;0;0.0;5;4;9;0;0.0;5.1;;1;1197
4.2;19;70;2;0;0.0;5;4;9;0;0.0;5.1;;1;1198
4.2;19;70;2;0;0.0;5;4;9;0;0.0;5.1;;1;1199
4.2;19;70;2;0;0.0;5;4;9;0;0.0;5.1;;1;1200
4.2;20;70;2;0;0.0;5;4;9;0;0.0;5.1;;1;1201
4.2;20;70;2;0;0.0;5;4;9;0;0.0;5.1;;1;1202
4.2;20;70;2;0;0.0;5;4;9;0;0.0;5.1;;1;1203
4.2;20;70;2;0;0.0;5;4;9;0;0.0;5.1;;1;1204
4.2;20;70;2;0;0.0;5;4;9;0;0.0;5.1;;1;1205
4.2;20;70;2;0;0.0;5;4;9;0;0.0;5.1;;1;1206
4.2;20;70;2;0;0.0;5;4;9;0;0.0;5.1;;1;1207
4.2;20;70;2;0;0.0;5;4;9;0;0.0;5.1;;1;1208
4.2;20;70;2;0;0.0;5;4;9;0;0.0;5.1;;1;1209
4.2;20;70;2;0;0.0;5;4;9;0;0.0;5.1;;1;1210
4.2;20;70;2;0;0.0;5;4;9;0;0.0;5.1;;1;1211
4.2;20;70;2;0;0.0;5;4;9;0;0.0;5.1;;1;1212
4.2;20;70;2;0;0.0;5;4;9;0;0.0;5.1;;1;1213
4.2;20;70;2;0;0.0;5;4;9;0;0.0;5.1;;1;1214
4.2;20;70;2;0;0.0;5;4;9;0;0.0;5.1;;1;1215
4.2;20;70;2;0;0.0;5;4;9;0;0.0;5.1;;1;1216
4.2;20;70;2;0;0.0;5;4;9;0;0.0;5.1;;1;1217
4.2;20;70;2;0;0.0;5;4;9;0;0.0;5.1;;1;1218
4.2;20;70;2;0;0.0;5;4;9;0;0.0;5.1;;1;1219
4.2;20;70;2;0;0.0;5;4;9;0;0.0;5.1;;1;1220
4.2;20;70;2;0;0.0;5;4;9;0;0.0;5.1;;1;1221
4.2;20;70;2;0;0.0;5;4;9;0;0.0;5.1;;1;1222
4.2;20;70;2;0;0.0;5;4;9;0;0.0;5.1;;1;1223
4.2;20;71;2;0;0.0;5;5;10;0;0.0;2.4;;1;1224
4.2;20;71;2;0;0.0;5;5;10;0;0.0;2.4;;1;1225
4.2;20;71;2;0;0.0;5;5;10;0;0.0;2.4;;1;1226
4.2;20;71;2;0;0.0;5;5;10;0;0.0;2.4;;1;1227
4.2;20;71;2;0;0.0;5;5;10;0;0.0;2.4;;1;1228
4.2;20;71;2;0;0.0;5;5;10;0;0.0;2.4;;1;1229
4.2;20;71;2;0;0.0;5;5;10;0;0.0;2.4;;1;1230
4.2;20;71;2;0;0.0;5;5;10;0;0.0;2.4;;1;1231
4.2;20;71;2;0;0.0;5;5;10;0;0.0;2.4;;1;1232
4.2;20;71;2;0;0.0;5;5;10;0;0.0;2.4;;1;1233
4.2;20;71;2;0;0.0;5;5;10;0;0.0;2.4;;1;1234
4.2;20;71;2;0;0.0;5;5;10;0;0.0;2.4;;1;1235
4.2;20;71;2;0;0.0;5;5;10;0;0.0;2.4;;1;1236
4.2;20;71;2;0;0.0;5;5;10;0;0.0;2.4;;1;1237
4.2;20;71;2;0;0.0;5;5;10;0;0.0;2.4;;1;1238
4.2;20;72;2;0;0.0;5;5;10;0;0.0;2.4;;1;1239
4.2;20;72;2;0;0.0;5;5;10;0;0.0;2.4;;1;1240
4.2;20;72;2;0;0.0;5;5;10;0;0.0;2.4;;1;1241
4.2;20;73;2;0;0.0;5;5;10;0;0.0;2.4;;1;1242
4.2;20;73;2;0;0.0;5;5;10;0;0.0;2.4;;1;1243
4.2;20;73;2;0;0.0;5;5;10;0;0.0;2.4;;1;1244
4.2;20;73;2;0;0.0;5;5;10;0;0.0;2.4;;1;1245
4.2;20;73;2;0;0.0;5;5;10;0;0.0;2.4;;1;1246
4.2;20;73;2;0;0.0;5;5;10;0;0.0;2.4;;1;1247
4.2;20;73;2;0;0.0;5;5;10;0;0.0;2.4;;1;1248
4.2;20;73;2;0;0.0;5;5;10;0;0.0;2.4;;1;1249
4.2;20;73;2;0;0.0;5;5;10;0;0.0;2.4;;1;1250
4.2;20;73;2;0;0.0;5;5;10;0;0.0;2.4;;1;1251
4.2;20;73;2;0;0.0;5;5;10;0;0.0;2.4;;1;1252
4.2;20;73;2;0;0.0;5;5;10;0;0.0;2.4;;1;1253
4.2;20;73;2;0;0.0;5;5;10;0;0.0;2.4;;1;1254
4.2;21;73;2;0;0.0;5;5;10;0;0.0;2.4;;1;1255
4.2;21;73;2;0;0.0;5;5;10;0;0.0;2.4;;1;1256
4.2;21;73;2;0;0.0;5;5;10;0;0.0;2.4;;1;1257
4.2;21;73;2;0;0.0;5;5;10;0;0.0;2.4;;1;1258
4.2;21;73;2;0;0.0;5;5;10;0;0.0;2.4;;1;1259
4.2;21;73;2;0;0.0;5;5;10;0;0.0;2.4;;1;1260
4.2;21;73;2;0;0.0;5;5;10;0;0.0;2.4;;1;1261
4.2;21;73;2;0;0.0;5;5;10;0;0.0;2.4;;1;1262
4.2;21;73;2;0;0.0;5;5;10;0;0.0;2.4;;1;1263
4.2;21;73;2;0;0.0;5;5;10;0;0.0;2.4;;1;1264
4.2;21;73;2;0;0.0;5;5;10;0;0.0;2.4;;1;1265
4.2;21;73;2;0;0.0;5;5;10;0;0.0;2.4;;1;1266
4.2;21;73;2;0;0.0;5;5;10;0;0.0;2.4;;1;1267
4.2;21;73;2;0;0.0;5;5;10;0;0.0;2.4;;1;1268
4.2;21;73;2;0;0.0;5;5;10;0;0.0;2.4;;1;1269
4.2;21;73;2;0;0.0;5;5;10;0;0.0;2.4;;1;1270
4.2;21;73;2;0;0.0;5;5;10;0;0.0;2.4;;1;1271
4.2;21;73;2;0;0.0;5;5;10;0;0.0;2.4;;1;1272
4.2;21;73;2;0;0.0;5;5;10;0;0.0;2.4;;1;1273
4.2;21;73;2;0;0.0;5;5;10;0;0.0;2.4;;1;1274
4.2;21;74;2;0;0.0;5;5;10;0;0.0;2.4;;1;1275
4.2;21;74;2;0;0.0;5;5;10;0;0.0;2.4;;1;1276
4.2;21;74;2;0;0.0;5;5;10;0;0.0;2.4;;1;1277
4.2;21;74;2;0;0.0;5;5;10;0;0.0;2.4;;1;1278
4.2;21;74;2;0;0.0;5;5;10;0;0.0;2.4;;1;1279
4.2;21;74;2;0;0.0;5;5;10;0;0.0;2.4;;1;1280
4.2;21;74;2;0;0.0;5;5;10;0;0.0;2.4;;1;1281
4.2;21;74;2;0;0.0;5;5;10;0;0.0;2.4;;1;1282
4.2;21;74;2;0;0.0;5;5;10;0;0.0;2.4;;1;1283
4.2;21;74;2;0;0.0;5;5;10;0;0.0;2.4;;1;1284
4.2;21;74;2;0;0.0;5;5;10;0;0.0;2.4;;1;1285
4.2;21;74;2;0;0.0;5;5;10;0;0.0;2.4;;1;1286
4.2;21;74;2;0;0.0;5;5;10;0;0.0;2.4;;1;1287
4.2;21;74;2;0;0.0;5;5;10;0;0.0;2.4;;1;1288
4.2;21;74;2;0;0.0;5;5;10;0;0.0;2.4;;1;1289
4.2;21;74;2;0;0.0;5;5;10;0;0.0;2.4;;1;1290
4.2;21;74;2;0;0.0;5;5;10;0;0.0;2.4;;1;1291
4.2;21;74;2;0;0.0;5;5;10;0;0.0;2.4;;1;1292
4.2;21;74;2;0;0.0;5;5;10;0;0.0;2.4;;1;1293
4.2;21;74;2;0;0.0;5;5;10;0;0.0;2.4;;1;1294
4.2;21;74;2;0;0.0;5;5;10;0;0.0;2.4;;1;1295
4.2;21;74;2;0;0.0;5;5;10;0;0.0;2.4;;1;1296
4.2;21;74;2;0;0.0;5;5;10;0;0.0;2.4;;1;1297
4.2;22;74;2;0;0.0;5;5;10;0;0.0;2.4;;1;1298
4.2;22;74;2;0;0.0;5;5;10;0;0.0;2.4;;1;1299
4.2;22;74;2;0;0.0;5;5;10;0;0.0;2.4;;1;1300
4.2;22;74;2;0;0.0;5;5;10;0;0.0;2.4;;1;1301
4.2;22;74;2;0;0.0;5;5;10;0;0.0;2.4;;1;1302
4.2;22;74;2;0;0.0;5;5;10;0;0.0;2.4;;1;1303
4.2;22;74;2;0;0.0;5;5;10;0;0.0;2.4;;1;1304
4.2;22;74;2;0;0.0;5;5;10;0;0.0;2.4;;1;1305
4.2;22;74;2;0;0.0;5;5;10;0;0.0;2.4;;1;1306
4.2;22;74;2;0;0.0;5;5;10;0;0.0;2.4;;1;1307
4.2;22;74;2;0;0.0;5;5;10;0;0.0;2.4;;1;1308
4.2;22;74;2;0;0.0;5;5;10;0;0.0;2.4;;1;1309
4.2;22;74;2;0;0.0;5;5;10;0;0.0;2.4;;1;1310
4.2;22;74;2;0;0.0;5;5;10;0;0.0;2.4;;1;1311
4.2;22;74;2;0;0.0;5;5;10;0;0.0;2.4;;1;1312
4.2;22;74;2;0;0.0;5;5;10;0;0.0;2.4;;1;1313
4.2;22;74;2;0;0.0;5;5;10;0;0.0;2.4;;1;1314
4.2;22;74;2;0;0.0;5;5;10;0;0.0;2.4;;1;1315
4.2;22;74;2;0;0.0;5;5;10;0;0.0;2.4;;1;1316
4.2;22;74;2;0;0.0;5;5;10;0;0.0;2.4;;1;1317
4.2;22;74;2;0;0.0;5;5;10;0;0.0;2.4;;1;1318
4.2;22;74;2;0;0.0;5;5;10;0;0.0;2.4;;1;1319
4.2;22;74;2;0;0.0;5;5;10;0;0.0;2.4;;1;1320
4.2;22;74;2;0;0.0;5;5;10;0;0.0;2.4;;1;1321
4.2;22;74;2;0;0.0;5;5;10;0;0.0;2.4;;1;1322
4.2;22;74;2;0;0.0;5;5;10;0;0.0;2.4;;1;1323
4.2;22;76;2;0;0.0;6;5;11;0;0.0;5.1;;1;1324
4.2;22;76;2;0;0.0;6;5;11;0;0.0;5.1;;1;1325
4.2;22;76;2;0;0.0;6;5;11;0;0.0;5.1;;1;1326
4.2;22;76;2;0;0.0;6;5;11;0;0.0;5.1;;1;1327
4.2;22;76;2;0;0.0;6;5;11;0;0.0;5.1;;1;1328
4.2;22;76;2;0;0.0;6;5;11;0;0.0;5.1;;1;1329
4.2;22;76;2;0;0.0;6;5;11;0;0.0;5.1;;1;1330
4.2;22;76;2;0;0.0;6;5;11;0;0.0;5.1;;1;1331
4.2;22;76;2;0;0.0;6;5;11;0;0.0;5.1;;1;1332
4.2;22;76;2;0;0.0;6;5;11;0;0.0;5.1;;1;1333
4.2;22;76;2;0;0.0;6;5;11;0;0.0;5.1;;1;1334
4.2;22;76;2;0;0.0;6;5;11;0;0.0;5.1;;1;1335
4.2;22;76;2;0;0.0;6;5;11;0;0.0;5.1;;1;1336
4.2;22;76;2;0;0.0;6;5;11;0;0.0;5.1;;1;1337
4.2;22;76;2;0;0.0;6;5;11;0;0.0;5.1;;1;1338
4.2;22;76;2;0;0.0;6;5;11;0;0.0;5.1;;1;1339
4.2;22;76;2;0;0.0;6;5;11;0;0.0;5.1;;1;1340
4.2;22;76;2;0;0.0;6;5;11;0;0.0;5.1;;1;1341
4.2;22;76;2;0;0.0;6;5;11;0;0.0;5.1;;1;1342
4.2;22;76;2;0;0.0;6;5;11;0;0.0;5.1;;1;1343
4.2;22;76;2;0;0.0;6;5;11;0;0.0;5.1;;1;1344
4.2;22;76;2;0;0.0;6;5;11;0;0.0;5.1;;1;1345
4.2;22;76;2;0;0.0;6;5;11;0;0.0;5.1;;1;1346
4.2;22;77;2;0;0.0;6;5;11;0;0.0;5.1;;1;1347
4.2;22;77;2;0;0.0;6;5;11;0;0.0;5.1;;1;1348
4.2;22;77;2;0;0.0;6;5;11;0;0.0;5.1;;1;1349
4.2;22;77;2;0;0.0;6;5;11;0;0.0;5.1;;1;1350
4.2;22;77;2;0;0.0;6;5;11;0;0.0;5.1;;1;1351
4.2;22;77;2;0;0.0;6;5;11;0;0.0;5.1;;1;1352
4.2;22;77;2;0;0.0;6;5;11;0;0.0;5.1;;1;1353
4.2;22;77;2;0;0.0;6;5;11;0;0.0;5.1;;1;1354
4.2;22;77;2;0;0.0;6;5;11;0;0.0;5.1;;1;1355
4.2;22;77;2;0;0.0;6;5;11;0;0.0;5.1;;1;1356
4.2;22;77;2;0;0.0;6;5;11;0;0.0;5.1;;1;1357
4.2;22;77;2;0;0.0;6;5;11;0;0.0;5.1;;1;1358
4.2;22;77;2;0;0.0;6;5;11;0;0.0;5.1;;1;1359
4.2;22;77;2;0;0.0;6;5;11;0;0.0;5.1;;1;1360
4.2;22;77;2;0;0.0;6;5;11;0;0.0;5.1;;1;1361
4.2;22;77;2;0;0.0;6;5;11;0;0.0;5.1;;1;1362
4.2;22;77;2;0;0.0;6;5;11;0;0.0;5.1;;1;1363
4.2;22;77;2;0;0.0;6;5;11;0;0.0;5.1;;1;1364
4.2;22;77;2;0;0.0;6;5;11;0;0.0;5.1;;1;1365
4.2;22;77;2;0;0.0;6;5;11;0;0.0;5.1;;1;1366
4.2;22;77;2;0;0.0;6;5;11;0;0.0;5.1;;1;1367
4.2;22;77;2;0;0.0;6;5;11;0;0.0;5.1;;1;1368
4.2;22;77;2;0;0.0;6;5;11;0;0.0;5.1;;1;1369
4.2;22;77;2;0;0.0;6;5;11;0;0.0;5.1;;1;1370
4.2;22;77;2;0;0.0;6;5;11;0;0.0;5.1;;1;1371
4.2;22;77;2;0;0.0;6;5;11;0;0.0;5.1;;1;1372
4.2;22;77;2;0;0.0;6;5;11;0;0.0;5.1;;1;1373
4.2;22;77;2;0;0.0;6;5;11;0;0.0;5.1;;1;1374
4.2;22;78;2;0;0.0;6;5;11;0;0.0;5.1;;1;1375
4.2;22;78;2;0;0.0;6;5;11;0;0.0;5.1;;1;1376
4.2;22;78;2;0;0.0;6;5;11;0;0.0;5.1;;1;1377
4.2;22;78;2;0;0.0;6;5;11;0;0.0;5.1;;1;1378
4.2;22;78;2;0;0.0;6;5;11;0;0.0;5.1;;1;1379
4.2;22;78;2;0;0.0;6;5;11;0;0.0;5.1;;1;1380
4.2;22;78;2;0;0.0;6;5;11;0;0.0;5.1;;1;1381
4.2;22;78;2;0;0.0;6;5;11;0;0.0;5.1;;1;1382
4.2;22;78;2;0;0.0;6;5;11;0;0.0;5.1;;1;1383
4.2;22;78;2;0;0.0;6;5;11;0;0.0;5.1;;1;1384
4.2;22;78;2;0;0.0;6;5;11;0;0.0;5.1;;1;1385
4.2;22;78;2;0;0.0;6;5;11;0;0.0;5.1;;1;1386
4.2;22;78;2;0;0.0;6;5;11;0;0.0;5.1;;1;1387
4.2;22;78;2;0;0.0;6;5;11;0;0.0;5.1;;1;1388
4.2;22;78;2;0;0.0;6;5;11;0;0.0;5.1;;1;1389
4.2;22;78;2;0;0.0;6;5;11;0;0.0;5.1;;1;1390
4.2;22;78;2;0;0.0;6;5;11;0;0.0;5.1;;1;1391
4.2;22;78;2;0;0.0;6;5;11;0;0.0;5.1;;1;1392
4.2;22;78;2;0;0.0;6;5;11;0;0.0;5.1;;1;1393
4.2;22;78;2;0;0.0;6;5;11;0;0.0;5.1;;1;1394
4.2;22;78;2;0;0.0;6;5;11;0;0.0;5.1;;1;1395
4.2;22;78;2;0;0.0;6;5;11;0;0.0;5.1;;1;1396
4.2;22;78;2;0;0.0;6;5;11;0;0.0;5.1;;1;1397
4.2;22;78;2;0;0.0;6;5;11;0;0.0;5.1;;1;1398
4.2;22;78;2;0;0.0;6;5;11;0;0.0;5.1;;1;1399
4.2;22;78;2;0;0.0;6;5;11;0;0.0;5.1;;1;1400
4.2;22;79;2;0;0.0;6;5;11;0;0.0;5.1;;1;1401
4.2;22;80;2;0;0.0;6;5;11;0;0.0;5.1;;1;1402
4.2;22;80;2;0;0.0;6;5;11;0;0.0;5.1;;1;1403
4.2;22;80;2;0;0.0;6;5;11;0;0.0;5.1;;1;1404
4.2;22;80;2;0;0.0;6;5;11;0;0.0;5.1;;1;1405
4.2;22;80;2;0;0.0;6;5;11;0;0.0;5.1;;1;1406
4.2;22;80;2;0;0.0;6;5;11;0;0.0;5.1;;1;1407
4.2;22;80;2;0;0.0;6;5;11;0;0.0;5.1;;1;1408
4.2;22;80;2;0;0.0;6;5;11;0;0.0;5.1;;1;1409
4.2;22;80;2;0;0.0;6;5;11;0;0.0;5.1;;1;1410
4.2;22;80;2;0;0.0;6;5;11;0;0.0;5.1;;1;1411
4.2;22;80;2;0;0.0;6;5;11;0;0.0;5.1;;1;1412
4.2;22;80;2;0;0.0;6;5;11;0;0.0;5.1;;1;1413
4.2;22;80;2;0;0.0;6;5;11;0;0.0;5.1;;1;1414
4.2;22;80;2;0;0.0;6;5;11;0;0.0;5.1;;1;1415
4.2;22;80;2;0;0.0;6;5;11;0;0.0;5.1;;1;1416
4.2;22;80;2;0;0.0;6;5;11;0;0.0;5.1;;1;1417
4.2;22;80;2;0;0.0;6;5;11;0;0.0;5.1;;1;1418
4.2;22;80;2;0;0.0;6;5;11;0;0.0;5.1;;1;1419
4.2;22;80;2;0;0.0;6;5;11;0;0.0;5.1;;1;1420
4.2;22;80;2;0;0.0;6;5;11;0;0.0;5.1;;1;1421
4.2;22;80;2;0;0.0;6;5;11;0;0.0;5.1;;1;1422
4.2;22;80;2;0;0.0;6;5;11;0;0.0;5.1;;1;1423
4.2;22;80;2;0;0.0;6;5;11;0;0.0;5.1;;1;1424
4.2;22;80;2;0;0.0;6;5;11;0;0.0;5.1;;1;1425
4.2;22;80;2;0;0.0;6;5;11;0;0.0;5.1;;1;1426
4.2;22;81;2;0;0.0;6;5;11;0;0.0;5.1;;1;1427
4.2;22;81;2;0;0.0;6;5;11;0;0.0;5.1;;1;1428
4.2;22;81;2;0;0.0;6;5;11;0;0.0;5.1;;1;1429
4.2;22;81;2;0;0.0;6;5;11;0;0.0;5.1;;1;1430
4.2;22;81;2;0;0.0;6;5;11;0;0.0;5.1;;1;1431
4.2;22;81;2;0;0.0;6;5;11;0;0.0;5.1;;1;1432
4.2;22;81;2;0;0.0;6;5;11;0;0.0;5.1;;1;1433
4.2;22;81;2;0;0.0;6;5;11;0;0.0;5.1;;1;1434
4.2;22;81;2;0;0.0;6;5;11;0;0.0;5.1;;1;1435
4.2;22;81;2;0;0.0;6;5;11;0;0.0;5.1;;1;1436
4.2;22;81;2;0;0.0;6;5;11;0;0.0;5.1;;1;1437
4.2;22;81;2;0;0.0;6;5;11;0;0.0;5.1;;1;1438
4.2;22;81;2;0;0.0;6;5;11;0;0.0;5.1;;1;1439
4.2;22;81;2;0;0.0;6;5;11;0;0.0;5.1;;1;1440
4.2;22;81;2;0;0.0;6;5;11;0;0.0;5.1;;1;1441
4.2;22;82;2;0;0.0;6;5;11;0;0.0;5.1;;1;1442
4.2;22;82;2;0;0.0;6;5;11;0;0.0;5.1;;1;1443
4.2;22;82;2;0;0.0;6;5;11;0;0.0;5.1;;1;1444
4.2;22;82;2;0;0.0;6;5;11;0;0.0;5.1;;1;1445
4.2;22;82;2;0;0.0;6;5;11;0;0.0;5.1;;1;1446
4.2;22;82;2;0;0.0;6;5;11;0;0.0;5.1;;1;1447
4.2;22;82;2;0;0.0;6;5;11;0;0.0;5.1;;1;1448
4.2;22;82;2;0;0.0;6;5;11;0;0.0;5.1;;1;1449
4.2;22;82;2;0;0.0;6;5;11;0;0.0;5.1;;1;1450
4.2;22;82;2;0;0.0;6;5;11;0;0.0;5.1;;1;1451
4.2;22;82;2;0;0.0;6;5;11;0;0.0;5.1;;1;1452
4.2;22;82;2;0;0.0;6;5;11;0;0.0;5.1;;1;1453
4.2;22;82;2;0;0.0;6;5;11;0;0.0;5.1;;1;1454
4.2;22;82;2;0;0.0;6;5;11;0;0.0;5.1;;1;1455
4.2;22;82;2;0;0.0;6;5;11;0;0.0;5.1;;1;1456
4.2;22;82;2;0;0.0;6;5;11;0;0.0;5.1;;1;1457
4.2;22;83;2;0;0.0;6;5;11;0;0.0;5.1;;1;1458
4.2;22;83;2;0;0.0;6;5;11;0;0.0;5.1;;1;1459
4.2;22;83;2;0;0.0;6;5;11;0;0.0;5.1;;1;1460
4.2;22;83;2;0;0.0;6;5;11;0;0.0;5.1;;1;1461
4.2;22;83;2;0;0.0;6;5;11;0;0.0;5.1;;1;1462
4.2;22;83;2;0;0.0;6;5;11;0;0.0;5.1;;1;1463
4.2;22;83;2;0;0.0;6;5;11;0;0.0;5.1;;1;1464
4.2;22;83;2;0;0.0;6;5;11;0;0.0;5.1;;1;1465
4.2;22;83;2;0;0.0;6;5;11;0;0.0;5.1;;1;1466
4.2;22;83;2;0;0.0;6;5;11;0;0.0;5.1;;1;1467
4.2;22;83;2;0;0.0;6;5;11;0;0.0;5.1;;1;1468
4.2;22;83;2;0;0.0;6;5;11;0;0.0;5.1;;1;1469
4.2;22;83;2;0;0.0;6;5;11;0;0.0;5.1;;1;1470
4.2;22;83;2;0;0.0;6;5;11;0;0.0;5.1;;1;1471
4.2;22;83;2;0;0.0;6;5;11;0;0.0;5.1;;1;1472
4.2;22;83;2;0;0.0;6;5;11;0;0.0;5.1;;1;1473
4.2;22;83;2;0;0.0;6;5;11;0;0.0;5.1;;1;1474
4.2;22;83;2;0;0.0;6;5;11;0;0.0;5.1;;1;1475
4.2;22;83;2;0;0.0;6;5;11;0;0.0;5.1;;1;1476
4.2;22;83;2;0;0.0;6;5;11;0;0.0;5.1;;1;1477
4.2;22;83;2;0;0.0;6;5;11;0;0.0;5.1;;1;1478
4.2;22;83;2;0;0.0;6;5;11;0;0.0;5.1;;1;1479
4.2;22;83;2;0;0.0;6;5;11;0;0.0;5.1;;1;1480
4.2;22;83;2;0;0.0;6;5;11;0;0.0;5.1;;1;1481
4.2;22;83;2;0;0.0;6;5;11;0;0.0;5.1;;1;1482
4.2;22;83;2;0;0.0;6;5;11;0;0.0;5.1;;1;1483
4.2;22;83;2;0;0.0;6;5;11;0;0.0;5.1;;1;1484
4.2;22;83;2;0;0.0;6;5;11;0;0.0;5.1;;1;1485
4.2;22;83;2;0;0.0;6;5;11;0;0.0;5.1;;1;1486
4.2;22;83;2;0;0.0;6;5;11;0;0.0;5.1;;1;1487
4.2;22;83;2;0;0.0;6;5;11;0;0.0;5.1;;1;1488
4.2;23;83;2;0;0.0;6;5;11;0;0.0;5.1;;1;1489
4.2;23;83;2;0;0.0;6;5;11;0;0.0;5.1;;1;1490
4.2;23;83;2;0;0.0;6;5;11;0;0.0;5.1;;1;1491
4.2;23;83;2;0;0.0;6;5;11;0;0.0;5.1;;1;1492
4.2;23;83;2;0;0.0;6;5;11;0;0.0;5.1;;1;1493
4.2;23;83;2;0;0.0;6;5;11;0;0.0;5.1;;1;1494
4.2;23;83;2;0;0.0;6;5;11;0;0.0;5.1;;1;1495
4.2;23;83;2;0;0.0;6;5;11;0;0.0;5.1;;1;1496
4.2;23;83;2;0;0.0;6;5;11;0;0.0;5.1;;1;1497
4.2;23;83;2;0;0.0;6;5;11;0;0.0;5.1;;1;1498
4.2;23;83;2;0;0.0;6;5;11;0;0.0;5.1;;1;1499
4.2;23;83;2;0;0.0;6;5;11;0;0.0;5.1;;1;1500
4.2;23;83;2;0;0.0;6;5;11;0;0.0;5.1;;1;1501
4.2;23;83;2;0;0.0;6;5;11;0;0.0;5.1;;1;1502
4.2;23;83;2;0;0.0;6;5;11;0;0.0;5.1;;1;1503
4.2;23;83;2;0;0.0;6;5;11;0;0.0;5.1;;1;1504
4.2;23;83;2;0;0.0;6;5;11;0;0.0;5.1;;1;1505
4.2;23;83;2;0;0.0;6;5;11;0;0.0;5.1;;1;1506
4.2;23;83;2;0;0.0;6;5;11;0;0.0;5.1;;1;1507
4.2;23;85;3;0;0.0;7;5;12;0;0.0;5.0;;1;1508
4.2;23;85;3;0;0.0;7;5;12;0;0.0;5.0;;1;1509
4.2;23;85;3;0;0.0;7;5;12;0;0.0;5.0;;1;1510
4.2;23;85;3;0;0.0;7;5;12;0;0.0;5.0;;1;1511
4.2;23;85;3;0;0.0;7;5;12;0;0.0;5.0;;1;1512
4.2;23;85;3;0;0.0;7;5;12;0;0.0;5.0;;1;1513
4.2;23;85;3;0;0.0;7;5;12;0;0.0;5.0;;1;1514
4.2;23;85;3;0;0.0;7;5;12;0;0.0;5.0;;1;1515
4.2;23;85;3;0;0.0;7;5;12;0;0.0;5.0;;1;1516
4.2;23;85;3;0;0.0;7;5;12;0;0.0;5.0;;1;1517
4.2;23;85;3;0;0.0;7;5;12;0;0.0;5.0;;1;1518
4.2;23;85;3;0;0.0;7;5;12;0;0.0;5.0;;1;1519
4.2;23;85;3;0;0.0;7;5;12;0;0.0;5.0;;1;1520
4.2;23;85;3;0;0.0;7;5;12;0;0.0;5.0;;1;1521
4.2;23;85;3;0;0.0;7;5;12;0;0.0;5.0;;1;1522
4.2;23;85;3;0;0.0;7;5;12;0;0.0;5.0;;1;1523
4.2;23;85;3;0;0.0;7;5;12;0;0.0;5.0;;1;1524
4.2;23;85;3;0;0.0;7;5;12;0;0.0;5.0;;1;1525
4.2;23;85;3;0;0.0;7;5;12;0;0.0;5.0;;1;1526
4.2;23;85;3;0;0.0;7;5;12;0;0.0;5.0;;1;1527
4.2;23;85;3;0;0.0;7;5;12;0;0.0;5.0;;1;1528
4.2;23;85;3;0;0.0;7;5;12;0;0.0;5.0;;1;1529
4.2;23;85;3;0;0.0;7;5;12;0;0.0;5.0;;1;1530
4.2;23;85;3;0;0.0;7;5;12;0;0.0;5.0;;1;1531
4.2;23;85;3;0;0.0;7;5;12;0;0.0;5.0;;1;1532
4.2;23;85;3;0;0.0;7;5;12;0;0.0;5.0;;1;1533
4.2;23;85;3;0;0.0;7;5;12;0;0.0;5.0;;1;1534
4.2;23;85;3;0;0.0;7;5;12;0;0.0;5.0;;1;1535
4.2;23;85;3;0;0.0;7;5;12;0;0.0;5.0;;1;1536
4.2;23;85;3;0;0.0;7;5;12;0;0.0;5.0;;1;1537
4.2;23;85;3;0;0.0;7;5;12;0;0.0;5.0;;1;1538
4.2;23;85;3;0;0.0;7;5;12;0;0.0;5.0;;1;1539
4.2;23;85;3;0;0.0;7;5;12;0;0.0;5.0;;1;1540
4.2;23;85;3;0;0.0;7;5;12;0;0.0;5.0;;1;1541
4.2;23;85;3;0;0.0;7;5;12;0;0.0;5.0;;1;1542
4.2;23;85;3;0;0.0;7;5;12;0;0.0;5.0;;1;1543
4.2;23;85;3;0;0.0;7;5;12;0;0.0;5.0;;1;1544
4.2;23;85;3;0;0.0;7;5;12;0;0.0;5.0;;1;1545
4.2;23;85;3;0;0.0;7;5;12;0;0.0;5.0;;1;1546
4.2;23;85;3;0;0.0;7;5;12;0;0.0;5.0;;1;1547
